timestamp,x,y,z
605905702,-9.274912,-0.73701566,-3.2830698
605905706,-9.289269,-0.75615895,-3.2591407
605905711,-9.236626,-0.73701566,-3.254355
605905715,-9.313198,-0.6652284,-3.1682103
605905720,-9.32277,-0.6652284,-3.1873536
605905725,-9.317985,-0.6652284,-3.125138
605905729,-9.313198,-0.5695121,-3.0868514
605905734,-9.308413,-0.650871,-3.101209
605905740,-9.361056,-0.598227,-3.1394954
605905744,-9.408915,-0.60779864,-3.072494
605905749,-9.418487,-0.5599405,-3.072494
605905754,-9.337128,-0.5886554,-3.1921394
605905759,-9.370628,-0.5838696,-3.1586387
605905763,-9.351485,-0.66044265,-3.1873536
605905768,-9.32277,-0.6843717,-3.2160685
605905773,-9.260554,-0.8183746,-3.2974274
605905777,-9.346699,-0.8040171,-3.3213565
605905781,-9.346699,-0.78487384,-3.3787863
605905786,-9.308413,-0.6939433,-3.4792883
605905790,-9.308413,-0.73701566,-3.5989337
605905795,-9.361056,-0.8231604,-3.6037195
605905800,-9.327556,-0.7992313,-3.6276486
605905804,-9.365842,-0.7418015,-3.7377224
605905809,-9.404129,-0.6843717,-3.7472942
605905814,-9.361056,-0.7513731,-3.8190813
605905818,-9.389771,-0.68915755,-3.7568657
605905823,-9.399343,-0.73701566,-3.7903664
605905827,-9.447201,-0.71787244,-3.8717253
605905832,-9.456773,-0.66044265,-3.8621538
605905837,-9.47113,-0.57429796,-3.95787
605905841,-9.495059,-0.5025107,-3.986585
605905846,-9.423272,-0.54558307,-4.0153
605905852,-9.451987,-0.57908374,-4.010514
605905856,-9.423272,-0.57908374,-3.9482985
605905861,-9.341913,-0.64129937,-3.9817991
605905866,-9.212696,-0.69872916,-4.0248713
605905871,-9.327556,-0.6748001,-4.0057282
605905875,-9.246197,-0.67001426,-4.0727296
605905880,-9.250982,-0.60301286,-4.020086
605905885,-9.231839,-0.60779864,-4.0727296
605905889,-9.270126,-0.57908374,-4.0248713
605905893,-9.207911,-0.6221561,-4.144517
605905898,-9.317985,-0.5264398,-4.1301594
605905902,-9.361056,-0.5312256,-4.034443
605905907,-9.380199,-0.5551547,-4.0296574
605905912,-9.404129,-0.43072346,-4.034443
605905916,-9.490273,-0.43072346,-3.9482985
605905921,-9.408915,-0.55036885,-3.8860826
605905926,-9.351485,-0.5647263,-3.8286529
605905930,-9.32277,-0.5838696,-3.699436
605905935,-9.207911,-0.7418015,-3.6659353
605905939,-9.15048,-0.75615895,-3.6420062
605905944,-9.140909,-0.7130866,-3.5606472
605905949,-9.102622,-0.8279462,-3.541504
605905953,-9.073908,-0.83751786,-3.383572
605905958,-9.131337,-0.8183746,-3.3452854
605905963,-9.169623,-0.8040171,-3.3213565
605905967,-9.112194,-0.81358874,-3.254355
605905972,-9.136123,-0.7418015,-3.206497
605905976,-9.179195,-0.78487384,-3.1155663
605905981,-9.26534,-0.7896597,-3.101209
605905986,-9.145695,-0.78008807,-3.048565
605905990,-9.246197,-0.80880296,-3.048565
605905995,-9.26534,-0.7992313,-3.0294216
605906001,-9.337128,-0.8040171,-3.0007067
605906005,-9.327556,-0.75615895,-2.9193478
605906010,-9.250982,-0.8040171,-2.9337053
605906015,-9.207911,-0.8805902,-2.8571322
605906020,-9.155267,-0.8614469,-2.8906329
605906024,-9.217482,-0.86623275,-2.8714898
605906029,-9.164838,-0.9093051,-2.8523464
605906034,-9.203125,-0.885376,-2.8714898
605906039,-9.222268,-0.8040171,-2.8810613
605906043,-9.260554,-0.7896597,-2.866704
605906048,-9.231839,-0.74658734,-2.8906329
605906053,-9.289269,-0.703515,-2.833203
605906058,-9.313198,-0.7130866,-2.8092742
605906062,-9.361056,-0.71787244,-2.732701
605906067,-9.361056,-0.7130866,-2.7422726
605906072,-9.370628,-0.7513731,-2.6130557
605906076,-9.332341,-0.6939433,-2.6704855
605906080,-9.250982,-0.7705164,-2.6226273
605906085,-9.236626,-0.80880296,-2.5986981
605906089,-9.169623,-0.87580436,-2.5651975
605906094,-9.250982,-0.89494765,-2.4981961
605906099,-9.250982,-0.885376,-2.4646955
605906103,-9.222268,-0.8518753,-2.3976939
605906108,-9.313198,-0.86623275,-2.316335
605906114,-9.375414,-0.7896597,-2.239762
605906118,-9.351485,-0.7944455,-1.9861137
605906123,-9.399343,-0.80880296,-2.0148287
605906128,-9.432844,-0.8231604,-1.8712541
605906133,-9.384986,-0.89494765,-1.7659662
605906137,-9.332341,-0.9954498,-1.6415349
605906142,-9.327556,-1.0337363,-1.4788172
605906147,-9.327556,-1.119881,-1.4405307
605906151,-9.327556,-1.1055236,-1.3974583
605906155,-9.327556,-1.1294526,-1.3448143
605906160,-9.308413,-1.1629534,-1.3591717
605906164,-9.356271,-1.0959519,-1.4213874
605906169,-9.399343,-1.0911661,-1.4118158
605906174,-9.485488,-0.99066395,-1.3352427
605906178,-9.447201,-0.99066395,-1.3878866
605906183,-9.619491,-0.89494765,-1.3591717
605906188,-9.667349,-0.84708947,-1.3400285
605906192,-9.710421,-0.8614469,-1.2108115
605906197,-9.94014,-0.8040171,-1.067237
605906201,-10.074143,-0.7513731,-0.7992313
605906206,-10.026285,-0.71787244,-0.7609448
605906211,-10.050214,-0.6748001,-0.4785816
605906215,-10.0932865,-0.78008807,-0.2392908
605906220,-10.088501,-0.78487384,-0.014357449
605906225,-10.11243,-0.8231604,0.13400285
605906229,-10.236861,-0.83751786,0.34936458
605906234,-10.275147,-0.81358874,0.54079723
605906238,-10.351721,-0.6843717,0.75615895
605906243,-10.447436,-0.69872916,0.80880296
605906248,-10.571868,-0.5695121,1.0002356
605906252,-10.5766535,-0.5072965,1.2108115
605906257,-10.705871,-0.51208234,1.3878866
605906263,-10.720228,-0.51208234,1.61282
605906267,-10.830302,-0.57429796,1.7611804
605906272,-10.825516,-0.5072965,1.9430413
605906277,-10.916447,-0.5264398,2.0244002
605906282,-10.954733,-0.6221561,2.2254045
605906286,-10.940375,-0.80880296,2.4599094
605906291,-11.069592,-0.8231604,2.5843408
605906296,-10.99302,-0.96194905,2.7901309
605906300,-10.926019,-1.1533817,3.0342073
605906304,-10.868588,-1.3065279,3.1825678
605906309,-10.796802,-1.4166015,3.3117847
605906313,-10.806373,-1.5410328,3.4027152
605906318,-10.806373,-1.5458187,3.3931437
605906323,-10.973877,-1.4118158,3.306999
605906327,-11.203596,-1.3639576,3.2687125
605906332,-11.361527,-1.4022441,3.330928
605906337,-11.423743,-1.3926725,3.3979294
605906341,-11.538603,-1.3878866,3.4697168
605906346,-11.562531,-1.4692456,3.383572
605906350,-11.548175,-1.5553902,3.3022132
605906355,-11.562531,-1.6367491,3.1969252
605906360,-11.591247,-1.718108,3.0964231
605906364,-11.600819,-1.7946811,3.1634245
605906369,-11.629534,-1.8186102,3.0772798
605906375,-11.596032,-1.9191123,3.0820656
605906379,-11.61039,-2.029186,3.1394954
605906384,-11.634319,-2.2254045,3.3165705
605906389,-11.5721035,-2.4311945,3.3883579
605906394,-11.543388,-2.5843408,3.618077
605906398,-11.619962,-2.6369848,3.699436
605906403,-11.682178,-2.680057,3.6802926
605906408,-11.835323,-2.6178415,3.6085055
605906413,-11.983684,-2.5460541,3.3787863
605906417,-12.160759,-2.526911,3.278284
605906422,-12.371335,-2.3641932,3.2591407
605906427,-12.553196,-2.234976,3.306999
605906432,-12.821201,-2.1823323,3.22564
605906436,-13.127494,-2.0435436,3.4170728
605906441,-13.361999,-1.8616825,3.3787863
605906446,-13.6443615,-1.7228938,3.5080032
605906450,-14.055943,-1.6798215,3.699436
605906454,-14.620668,-1.5697477,4.010514
605906459,-15.051392,-1.4357449,4.398165
605906463,-15.314611,-1.3065279,4.57524
605906468,-15.635262,-1.3735292,4.9150333
605906473,-15.821908,-1.430959,5.154324
605906477,-15.975055,-1.4883888,5.3457565
605906482,-16.204773,-1.5697477,5.604191
605906487,-16.286133,-1.8281817,5.7860518
605906491,-16.271774,-2.0196145,5.9200544
605906496,-16.209558,-2.1823323,5.8626246
605906500,-16.089914,-2.4024796,5.6329055
605906505,-16.099485,-2.5651975,5.3026843
605906510,-15.917624,-2.6465564,5.0921082
605906514,-15.903267,-2.6704855,4.8288884
605906519,-15.970268,-2.5460541,4.685314
605906525,-16.233488,-2.3306925,4.455595
605906529,-16.420135,-1.8664683,3.9674416
605906534,-16.697712,-1.2443122,3.48886
605906539,-17.276796,-0.63651353,3.0102785
605906544,-17.693163,-0.13400285,2.6944146
605906548,-18.0856,0.20100428,2.474267
605906553,-18.353605,0.5934412,2.2301903
605906558,-18.698183,0.8566611,2.0196145
605906562,-19.033192,1.1150951,1.7228938
605906566,-19.22941,1.3591717,1.5171037
605906571,-19.396914,1.5123179,1.2347406
605906575,-19.554846,1.718108,1.0624512
605906580,-19.770206,1.9047549,0.99066395
605906585,-20.071712,2.0244002,0.9763065
605906589,-20.459364,2.1966896,1.0528796
605906594,-20.76087,2.340264,1.1342385
605906599,-21.13895,2.445552,1.6941789
605906603,-21.40217,2.4072654,2.3641932
605906608,-21.387812,2.0866158,3.177782
605906612,-21.153307,1.7516087,3.7616515
605906617,-20.885302,1.40703,4.4890957
605906622,-20.63644,0.9763065,4.943748
605906626,-20.52158,0.48815325,5.3457565
605906631,-20.263145,0.13878867,5.671192
605906637,-19.779778,-0.28236315,5.958341
605906641,-19.49263,-0.45943835,6.250276
605906646,-19.449556,-0.5838696,6.4369226
605906651,-19.430414,-0.54079723,6.412994
605906656,-19.454342,-0.37329367,6.1114874
605906660,-19.506987,-0.18186101,5.5850477
605906665,-19.559631,0.22493336,5.001178
605906670,-19.736706,0.6652284,4.474738
605906674,-19.78935,1.067237,3.7855806
605906678,-19.899424,1.5027462,3.0342073
605906683,-20.306217,1.9430413,2.5891266
605906687,-20.392363,2.4120514,2.1919038
605906692,-20.66994,3.0437791,1.8568966
605906697,-21.225094,3.5845764,1.8521109
605906701,-21.564888,4.0679436,1.9191123
605906706,-21.536173,4.3790216,1.8808258
605906711,-21.670176,4.618313,1.8425392
605906715,-21.57446,4.7283864,1.8568966
605906720,-21.555317,4.967677,1.9143264
605906724,-21.335169,5.21654,1.823396
605906729,-21.215523,5.42233,1.7133222
605906734,-21.019304,5.5563326,1.5410328
605906738,-20.708227,5.6855497,1.277813
605906743,-20.516794,5.723836,1.1342385
605906749,-20.042997,5.805195,0.95237744
605906753,-19.52613,5.790838,0.84230363
605906758,-19.157621,5.8386955,1.0002356
605906763,-18.856115,5.652049,1.1246668
605906768,-18.29139,5.963127,1.3352427
605906772,-17.994669,6.140202,1.3448143
605906777,-17.812807,6.4225655,1.2347406
605906782,-17.602232,6.7862873,1.1773108
605906787,-17.410799,7.087794,1.0815945
605906791,-17.410799,7.461087,1.1581675
605906796,-17.19065,7.686021,1.0863802
605906801,-16.96572,7.968384,0.8566611
605906806,-16.716856,8.174174,0.52165395
605906810,-16.434492,8.32732,0.15793194
605906815,-16.147345,8.135887,-0.105287954
605906820,-15.644834,8.0114565,-0.5551547
605906824,-15.027463,7.896597,-0.9188767
605906828,-14.4483795,8.016242,-1.3687434
605906833,-14.0367985,8.025814,-1.6606783
605906837,-13.515145,7.992313,-2.1057591
605906842,-13.0604925,7.867882,-2.340264
605906847,-12.538838,7.647734,-2.6848428
605906851,-12.002827,7.312727,-2.9097762
605906856,-11.505102,7.1643667,-2.8236315
605906861,-11.112665,6.9633627,-2.6848428
605906865,-10.897304,6.8341455,-2.3115492
605906870,-10.442651,6.8150024,-1.8521109
605906874,-10.021499,6.4656377,-1.536247
605906879,-9.715207,6.2933483,-1.1916683
605906884,-9.332341,6.221561,-0.99066395
605906888,-8.781973,6.063629,-1.2012398
605906893,-8.289034,6.1067014,-1.4261732
605906899,-7.9253116,5.953555,-1.6702498
605906903,-7.6429486,5.757337,-1.9478272
605906908,-7.3031554,6.063629,-2.3211207
605906913,-6.9346476,5.723836,-2.2301903
605906918,-6.5278535,5.6807637,-2.392908
605906922,-5.958341,5.5132604,-2.5077677
605906927,-5.5563326,5.2021823,-2.5604117
605906932,-5.106466,5.0586076,-2.3594074
605906936,-4.685314,4.5465255,-2.2062612
605906940,-4.0679436,4.2545905,-2.3546216
605906945,-3.799938,3.8717253,-2.268477
605906949,-3.6563635,3.464931,-1.9813279
605906954,-3.3644288,3.0581365,-2.0387578
605906959,-2.943277,2.4407663,-2.187118
605906963,-2.708772,2.057901,-2.1057591
605906968,-2.2780485,1.119881,-2.1249025
605906973,-1.9621847,0.33500713,-2.0722585
605906977,-1.4405307,-0.4402951,-2.0196145
605906982,-0.99066395,-1.4022441,-2.0626867
605906986,-0.5360114,-2.3546216,-2.134474
605906991,-0.31107804,-3.436216,-2.0626867
605906996,-0.20100428,-4.264162,-2.1249025
605907000,-0.03828653,-4.8958898,-2.7183435
605907005,0.2392908,-5.704693,-3.3357139
605907010,0.67001426,-6.97772,-3.6659353
605907014,1.2347406,-8.269891,-3.7664373
605907019,1.6558924,-9.495059,-3.929155
605907023,1.718108,-10.476151,-4.5895977
605907028,1.9143264,-11.864038,-5.230897
605907033,2.163189,-13.137066,-6.044486
605907037,2.5412683,-14.434022,-6.700143
605907042,2.9767776,-15.821908,-7.135652
605907048,3.4266443,-16.980076,-7.7625937
605907052,3.8286529,-18.190887,-8.456537
605907057,4.0918727,-19.573988,-9.11698
605907062,4.326378,-20.985804,-9.729565
605907067,4.5465255,-22.22533,-10.026285
605907071,4.9533195,-23.33564,-10.614941
605907076,5.6329055,-24.168371,-11.261025
605907081,6.1306305,-24.713955,-11.634319
605907085,6.5852833,-25.24518,-12.218188
605907089,6.7527866,-25.26911,-12.6584835
605907094,6.6809993,-25.082462,-13.0509205
605907098,6.5852833,-24.8001,-13.5438595
605907103,6.3172774,-24.307161,-13.673077
605907108,5.829124,-23.78072,-13.620433
605907112,5.3074703,-23.407427,-13.16578
605907117,4.7714586,-22.857058,-12.768558
605907123,4.0153,-22.24926,-12.347405
605907127,3.0916374,-21.40217,-11.81618
605907132,1.9191123,-20.693869,-11.380671
605907137,0.703515,-19.956854,-10.868588
605907142,-0.4402951,-19.128908,-10.447436
605907146,-1.6271775,-18.30096,-10.064571
605907151,-2.708772,-17.59266,-9.73435
605907156,-3.7425082,-17.118864,-9.490273
605907161,-4.78103,-16.697712,-9.270126
605907165,-5.733408,-16.305275,-9.136123
605907170,-6.4799953,-16.137772,-9.049978
605907175,-7.1739383,-15.874553,-9.222268
605907180,-7.681235,-15.735764,-9.52856
605907184,-8.241176,-15.879338,-9.88271
605907189,-8.820259,-16.10427,-10.1842165
605907194,-9.456773,-16.329205,-10.619726
605907198,-9.920997,-16.511066,-11.366313
605907202,-10.428293,-16.86043,-12.151187
605907207,-11.385457,-17.300726,-12.936061
605907211,-12.452694,-17.779306,-13.6443615
605907216,-13.72572,-18.396677,-14.271304
605907221,-15.290683,-18.90876,-14.998748
605907225,-17.14758,-19.511772,-15.80755
605907230,-19.478271,-20.205715,-16.798214
605907235,-22.105684,-20.880516,-17.611803
605907239,-24.857529,-21.58403,-18.473251
605907244,-27.85345,-22.373692,-19.45913
605907248,-30.744083,-23.086777,-20.693869
605907253,-33.86922,-23.881224,-22.292332
605907258,-37.27194,-24.74267,-24.039154
605907262,-39.88978,-24.584738,-25.690262
605907267,-44.843098,-27.078148,-27.810377
605907273,-49.408768,-27.585445,-30.05014
605907277,-53.649,-27.973095,-32.519623
605907282,-58.3726,-28.547394,-34.548805
605907287,-62.94784,-29.092978,-36.094627
605907292,-67.67144,-29.91135,-37.310223
605907296,-72.060036,-30.997732,-38.119026
605907301,-77.27657,-32.419117,-38.79861
605907306,-83.3402,-33.51507,-38.91347
605907310,-88.42753,-34.41002,-40.01421
605907314,-93.251625,-34.893387,-40.765583
605907319,-99.01854,-35.319324,-40.933086
605907323,-103.550705,-34.97953,-40.866085
605907328,-107.10178,-35.410255,-40.64115
605907333,-109.24583,-37.032646,-41.00966
605907337,-111.37073,-39.171906,-42.282684
605907342,-113.89285,-41.966824,-44.134796
605907347,-117.53964,-44.752167,-45.211605
605907351,-121.598015,-46.470276,-44.981888
605907356,-126.838486,-47.05893,-44.9771
605907360,-132.66762,-46.20227,-44.89574
605907365,-137.35292,-44.331017,-45.934265
605907370,-141.90424,-42.03861,-47.90602
605907374,-144.20143,-39.01876,-50.097923
605907379,-145.35002,-34.745026,-49.96392
605907384,-144.38329,-29.126478,-48.86797
605907388,-142.95233,-23.713718,-47.054146
605907393,-139.56876,-19.234196,-44.469803
605907397,-133.32327,-14.137301,-44.02951
605907402,-126.90549,-11.069592,-45.62797
605907407,-119.46833,-8.786758,-47.24079
605907411,-111.509514,-7.365371,-48.872753
605907416,-104.16329,-7.9875274,-49.695915
605907421,-96.54427,-11.600819,-49.691128
605907425,-88.5711,-16.879574,-50.681793
605907430,-81.512024,-23.148993,-50.772724
605907434,-74.78795,-28.159742,-50.657864
605907439,-72.39026,-33.99844,-50.672222
605907444,-69.025826,-36.668922,-51.5911
605907448,-66.283554,-39.411198,-51.60067
605907453,-64.91481,-40.191284,-51.6246
605907458,-64.3453,-40.133854,-51.19866
605907462,-64.25437,-39.72706,-50.772724
605907467,-65.039246,-38.669395,-50.00221
605907471,-66.690346,-36.41049,-49.399193
605907476,-69.22683,-33.548573,-50.318073
605907481,-71.03587,-28.55218,-49.121616
605907485,-72.68697,-24.297588,-49.777275
605907490,-73.46228,-20.49765,-49.86342
605907495,-73.567566,-17.654877,-49.590626
605907499,-74.00786,-16.056414,-49.021114
605907504,-72.576904,-15.108822,-47.958664
605907508,-71.1268,-15.175823,-46.771782
605907513,-69.269905,-15.429471,-45.96298
605907518,-67.59487,-16.199987,-45.01539
605907522,-66.317055,-16.573282,-43.75193
605907527,-65.49868,-16.338776,-42.33533
605907533,-64.374016,-16.15213,-39.961567
605907537,-63.124916,-15.941554,-37.07093
605907542,-62.000248,-15.740549,-34.022366
605907547,-60.612362,-16.051628,-30.89723
605907552,-59.363262,-14.261732,-28.303316
605907556,-57.60687,-14.754671,-25.077677
605907561,-55.142174,-13.6443615,-23.22078
605907566,-52.667908,-13.5438595,-20.52158
605907571,-50.59565,-12.8594885,-18.43975
605907575,-48.279312,-12.103329,-16.11863
605907580,-47.350864,-10.390007,-13.792723
605907585,-45.101532,-8.85376,-11.897539
605907590,-43.814148,-8.691042,-9.930569
605907594,-41.962036,-7.317513,-7.867882
605907599,-40.511932,-6.9968634,-5.675978
605907604,-39.435127,-5.5563326,-3.7329366
605907609,-37.946735,-3.776009,-3.9147975
605907613,-37.22408,-2.5939124,-3.5989337
605907618,-36.960857,-2.4790528,-1.5745336
605907623,-35.864906,-2.4838386,0.36372203
605907628,-33.969723,-3.201711,2.392908
605907632,-31.95968,-2.914562,3.0533507
605907637,-30.327717,-2.4934103,3.306999
605907642,-28.90633,-3.6085055,4.4220943
605907646,-27.580658,-3.7281508,4.9868207
605907650,-25.939123,-4.3646646,5.8434815
605907655,-24.359804,-5.283541,6.8532887
605907659,-22.914488,-5.9296265,7.8487387
605907664,-21.612745,-6.345992,8.513967
605907669,-20.689083,-6.3651357,8.959048
605907673,-19.70799,-6.2550616,8.992549
605907678,-18.760399,-6.3124914,8.930333
605907684,-17.712305,-6.264633,8.944691
605907688,-17.071007,-6.264633,9.160052
605907693,-16.530209,-6.125845,9.408915
605907698,-16.051628,-5.814767,9.466345
605907703,-15.692691,-5.527618,9.6003475
605907707,-15.415114,-5.3313994,9.806137
605907712,-14.936532,-4.891104,9.777423
605907717,-14.194731,-4.6709566,9.834852
605907721,-13.697006,-4.6039553,9.930569
605907725,-13.007849,-4.5417395,10.098072
605907730,-12.218188,-4.556097,10.327791
605907734,-11.457244,-4.718815,10.782444
605907739,-10.796802,-4.891104,11.409386
605907744,-10.088501,-5.0107493,11.993256
605907748,-9.380199,-5.1160374,12.419193
605907753,-8.6048975,-5.135181,12.696771
605907758,-8.0306,-5.1638956,12.964776
605907762,-7.4515157,-5.0825367,13.16578
605907767,-6.7480006,-4.943748,13.117922
605907771,-6.1306305,-4.8576035,13.031777
605907776,-5.6424775,-4.4986672,12.945633
605907781,-5.1638956,-4.292877,12.81163
605907785,-4.8097453,-4.0248713,12.782915
605907790,-4.493881,-3.8621538,12.591482
605907796,-4.1732316,-3.5319324,12.328262
605907800,-3.8908687,-3.2734983,12.270833
605907805,-3.3787863,-3.3165705,12.208617
605907810,-2.8475606,-3.306999,12.299547
605907815,-2.3881223,-3.3883579,12.428764
605907819,-1.8903974,-3.2687125,12.285191
605907824,-1.3496002,-3.2112827,12.155973
605907829,-1.0098072,-3.0389934,12.074615
605907833,-0.6460852,-2.8762755,11.993256
605907837,-0.32064968,-2.6752713,11.883182
605907842,-0.057429794,-2.579555,12.02197
605907846,0.21536173,-2.4599094,12.203832
605907851,0.40679437,-2.3641932,12.390478
605907856,0.5934412,-2.2254045,12.443122
605907860,0.9140909,-2.134474,12.510123
605907865,1.2155973,-2.1296883,12.4670515
605907871,1.4644598,-1.9813279,12.438336
605907875,1.7851094,-1.9191123,12.270833
605907880,2.0196145,-1.899969,11.954968
605907885,2.2589052,-1.823396,11.730036
605907890,2.5077677,-1.6941789,11.428529
605907894,2.6944146,-1.6989647,11.131808
605907899,2.938491,-1.61282,10.906875
605907904,3.1347096,-1.5697477,10.543153
605907908,3.1825678,-1.3878866,10.2847185
605907912,3.330928,-1.3831009,10.098072
605907917,3.4170728,-1.2395264,9.930569
605907921,3.5606472,-1.2347406,9.7917795
605907926,3.7425082,-1.1390243,9.557275
605907931,3.9004402,-0.9763065,9.490273
605907935,3.9961565,-0.9858781,9.456773
605907940,4.0918727,-0.9093051,9.43763
605907946,4.0727296,-0.8518753,9.571632
605907950,4.1062303,-0.7226582,9.6003475
605907955,4.063158,-0.6556568,9.763065
605907960,4.1349454,-0.57429796,9.834852
605907965,4.158874,-0.5025107,9.863567
605907969,4.268948,-0.55036885,9.897068
605907974,4.3838077,-0.57429796,9.853995
605907979,4.292877,-0.40679437,9.719993
605907983,4.36945,-0.2584341,9.533346
605907987,4.42688,-0.17228939,9.365842
605907992,4.3550925,-0.08135887,9.260554
605907996,4.1732316,0.014357449,9.284483
605908001,4.0296574,0.028714897,9.289269
605908006,3.8286529,0.014357449,9.303627
605908010,3.5558615,0.03828653,9.356271
605908015,3.5080032,0.009571632,9.52856
605908020,3.2591407,0.0,9.652991
605908024,3.0677083,-0.19143265,9.839638
605908029,3.072494,-0.17707519,9.868353
605908033,2.9815636,-0.071787246,9.82528
605908038,2.785345,-0.12921704,9.949712
605908043,2.6226273,-0.27757734,10.122002
605908047,2.5364826,-0.22493336,9.987998
605908052,2.4934103,-0.27757734,9.9927845
605908058,2.3259068,-0.40200856,9.973641
605908062,2.029186,-0.33022133,9.834852
605908067,1.9095407,-0.416366,9.719993
605908072,1.6367491,-0.3828653,9.643419
605908077,1.3113136,-0.32064968,9.408915
605908081,1.0241647,-0.33500713,9.361056
605908086,0.7657306,-0.32064968,9.121766
605908091,0.38765112,-0.27279153,8.949476
605908095,0.2919348,-0.27279153,8.767615
605908099,0.22014755,-0.2919348,8.399107
605908104,0.37329367,-0.5599405,8.088029
605908108,0.40200856,-0.48815325,7.9013824
605908113,0.6173703,-0.64129937,7.542446
605908118,0.6748001,-0.8231604,7.317513
605908122,0.6795859,-0.7705164,7.317513
605908127,0.63172776,-0.7896597,6.9107184
605908132,0.6748001,-0.7657306,6.633141
605908136,0.39722276,-0.7418015,6.432137
605908141,0.2680057,-0.72744405,6.092344
605908145,0.12443122,-0.7418015,5.8434815
605908150,-0.019143265,-0.71787244,5.5084743
605908155,-0.37807947,-0.57908374,5.173467
605908159,-0.68915755,-0.42115182,4.8576035
605908164,-1.0337363,-0.22971918,4.5178103
605908169,-1.3160994,-0.004785816,4.2306614
605908173,-1.5793194,0.27757734,4.020086
605908178,-2.005257,0.46422416,3.9100118
605908182,-2.2589052,0.6939433,3.7377224
605908187,-2.5891266,0.98109233,3.670721
605908192,-2.9767776,1.0911661,3.6132913
605908196,-3.0772798,1.2299547,3.43143
605908201,-3.172996,1.3639576,3.172996
605908207,-3.2639267,1.3113136,3.01985
605908211,-3.3500714,1.277813,2.6656997
605908216,-3.2208543,1.3400285,2.0961876
605908221,-3.172996,1.2538838,1.3448143
605908226,-3.1825678,1.2969562,0.5312256
605908230,-3.1107805,1.1725249,-0.052643977
605908235,-3.1682103,1.1150951,-0.650871
605908240,-3.0102785,1.2538838,-1.3591717
605908245,-3.1059947,1.4166015,-2.0531151
605908249,-3.2878556,1.6941789,-2.6465564
605908254,-3.6611493,2.000471,-3.3022132
605908259,-3.905226,2.445552,-3.95787
605908264,-4.345521,2.8762755,-4.331164
605908268,-4.6996713,3.2112827,-4.580026
605908273,-4.9820347,3.5462897,-4.761887
605908278,-5.4319015,3.7807949,-4.9102473
605908282,-5.77648,3.9100118,-5.0442505
605908286,-5.9679127,4.020086,-5.0203214
605908291,-6.09713,3.9482985,-5.053822
605908295,-6.058843,3.8095098,-5.0203214
605908300,-6.2885623,3.6563635,-4.9102473
605908305,-6.4417086,3.5989337,-4.757101
605908309,-6.6857853,3.541504,-4.6757426
605908314,-6.968148,3.5750046,-4.6470275
605908320,-7.2840123,3.6898644,-4.824103
605908324,-7.523303,3.7090075,-5.1686816
605908329,-7.8248096,3.723365,-5.757337
605908334,-8.083243,3.8334389,-6.4369226
605908339,-8.423037,3.799938,-7.207439
605908343,-8.76283,3.9722273,-8.088029
605908348,-9.069121,4.16366,-8.982977
605908353,-9.317985,4.225876,-9.906639
605908357,-9.552489,4.268948,-10.892518
605908361,-9.58599,4.3359494,-11.591247
605908366,-9.609919,4.5225964,-12.237332
605908370,-9.777423,4.7044573,-12.66327
605908375,-9.9927845,4.9581056,-12.983919
605908380,-10.303863,5.340971,-13.175352
605908384,-10.495295,5.6568346,-13.395499
605908389,-10.748943,5.8386955,-13.481645
605908394,-11.007378,6.063629,-13.524716
605908398,-11.170095,6.226347,-13.639576
605908403,-11.4046,6.355564,-13.72572
605908407,-11.619962,6.2550616,-13.586932
605908412,-11.844895,6.144988,-13.419429
605908417,-11.954968,6.0014133,-13.22321
605908421,-12.093758,5.747765,-13.089208
605908426,-12.246903,5.460616,-13.012634
605908431,-12.385693,5.2739697,-13.041349
605908435,-12.543624,5.0968943,-13.041349
605908440,-12.768558,5.049036,-13.041349
605908444,-12.993491,5.005964,-13.117922
605908449,-13.127494,5.0586076,-13.237568
605908454,-13.285426,5.3026843,-13.366785
605908458,-13.438572,5.379257,-13.567789
605908463,-13.759221,5.546761,-13.649148
605908469,-14.16123,5.752551,-13.854938
605908473,-14.314376,5.915269,-13.821437
605908478,-14.692455,6.140202,-14.175588
605908483,-15.175823,6.1354165,-14.242589
605908488,-15.39597,6.30292,-14.453165
605908492,-15.6256895,6.3651357,-14.764243
605908497,-15.869766,6.432137,-15.003533
605908502,-16.032484,6.609212,-15.137537
605908506,-16.400991,6.872432,-15.324183
605908510,-16.745571,7.207439,-15.563475
605908515,-16.822144,7.6333766,-15.879338
605908519,-16.755142,7.8822393,-16.056414
605908524,-16.692926,8.155031,-16.444065
605908529,-16.721642,8.360821,-16.582853
605908533,-16.731213,8.451752,-16.640284
605908538,-16.65464,8.571397,-16.783857
605908543,-16.625925,8.571397,-16.30049
605908547,-16.534994,8.896832,-16.410564
605908552,-16.109056,9.207911,-17.008791
605908556,-15.754907,8.786758,-17.12365
605908561,-15.089679,8.753258,-17.071007
605908566,-14.72117,8.7389,-16.788643
605908570,-14.122944,8.7389,-16.444065
605908575,-14.27609,8.413465,-16.080343
605908581,-13.965012,8.188532,-15.745336
605908585,-13.8453665,8.49961,-15.218896
605908590,-13.797508,8.394321,-14.879103
605908595,-13.716149,8.628826,-14.362234
605908600,-13.237568,8.810688,-14.099014
605908604,-13.309355,9.533346,-13.007849
605908609,-14.185159,9.58599,-11.940612
605908614,-13.874081,9.160052,-12.653698
605908619,-13.567789,10.332577,-11.663034
605908623,-13.658719,10.256004,-11.787465
605908628,-12.974348,11.337599,-11.61039
605908633,-13.620433,10.653227,-11.945397
605908638,-12.797273,11.1796665,-12.012399
605908642,-12.668056,10.882946,-12.81163
605908647,-12.299547,10.256004,-13.141851
605908652,-11.859253,10.313434,-13.285426
605908656,-11.485959,10.007142,-13.591718
605908660,-11.4046,8.786758,-13.941083
605908665,-10.634084,8.6048975,-13.936296
605908669,-10.332577,8.016242,-14.4483795
605908674,-9.652991,7.542446,-14.769029
605908679,-9.47113,6.925076,-15.194966
605908683,-9.270126,6.5996404,-15.515616
605908688,-8.5043955,6.590069,-15.549117
605908694,-8.513967,5.89134,-15.702263
605908698,-7.9635983,6.0540576,-15.635262
605908703,-7.8630958,5.853053,-15.376827
605908708,-7.599876,5.733408,-14.9317465
605908713,-7.398872,5.747765,-14.390949
605908717,-7.370157,5.8626246,-13.663506
605908722,-7.599876,5.9487696,-13.0604925
605908727,-7.8487387,6.1545596,-12.318691
605908731,-8.040172,6.374707,-11.663034
605908735,-8.279462,6.594855,-11.117451
605908740,-8.528324,6.7480006,-10.638869
605908744,-8.848974,6.7480006,-9.9927845
605908749,-9.179195,6.537425,-9.724778
605908754,-9.183981,6.6235695,-9.088264
605908758,-9.317985,6.3938503,-8.691042
605908763,-9.308413,6.1545596,-8.298605
605908768,-9.140909,6.0732007,-7.8487387
605908772,-8.987762,5.6137624,-7.44673
605908777,-8.868117,5.384043,-7.3270845
605908781,-8.930333,5.1208234,-7.0351496
605908786,-8.959048,4.867175,-6.8341455
605908791,-8.882475,4.7523155,-6.925076
605908795,-8.949476,4.560883,-7.0447216
605908800,-8.954262,4.4603806,-7.0925794
605908805,-8.839402,4.331164,-7.0782223
605908809,-8.791544,4.144517,-7.1165085
605908814,-8.781973,3.8621538,-7.1165085
605908818,-8.748472,3.799938,-7.0399356
605908823,-8.638398,3.8095098,-7.135652
605908828,-8.686256,3.7281508,-7.1691527
605908832,-8.7389,3.9243693,-7.370157
605908837,-8.418251,3.7855806,-7.398872
605908843,-8.150245,3.3357139,-7.360585
605908847,-7.85831,2.967206,-7.2648687
605908852,-7.5376606,2.7231295,-7.29837
605908857,-7.236154,2.5651975,-7.24094
605908862,-6.944219,2.474267,-7.2026534
605908866,-6.848503,2.057901,-7.0160065
605908871,-6.609212,1.7611804,-7.011221
605908876,-6.2837768,1.4788172,-7.217011
605908880,-5.910483,1.3400285,-7.217011
605908884,-5.647263,0.8518753,-7.4706593
605908889,-5.2213254,1.1103094,-7.422801
605908893,-5.5611186,0.89494765,-7.599876
605908898,-5.254826,1.1007377,-7.360585
605908903,-5.336185,1.067237,-7.552018
605908907,-5.149538,1.2730271,-7.0590787
605908912,-4.819317,1.5075321,-6.5852833
605908917,-4.5656686,1.5314612,-6.2407045
605908921,-4.2306614,1.8425392,-5.652049
605908926,-3.6420062,1.3113136,-5.2500405
605908930,-3.565433,1.1820966,-4.9628916
605908935,-3.9913707,2.1679747,-4.7762446
605908940,-3.177782,2.2014754,-4.321592
605908944,-3.2830698,3.0054924,-3.6515777
605908949,-3.01985,3.0964231,-3.0150642
605908955,-3.0916374,3.618077,-2.5316968
605908959,-3.3404996,4.245019,-2.1536174
605908964,-3.6085055,4.0966587,-2.421623
605908969,-3.3692145,4.144517,-1.9669704
605908974,-3.3644288,3.646792,-2.4168372
605908978,-3.01985,2.5221252,-2.3354783
605908983,-2.4407663,1.301742,-2.3067634
605908988,-1.9286839,1.4405307,-3.0629225
605908993,-1.7133222,1.5027462,-2.9863493
605908997,-1.8473251,1.0050215,-2.785345
605909002,-2.0339718,0.9140909,-3.0102785
605909007,-1.9621847,1.354386,-3.4745026
605909012,-1.6846073,1.7276796,-3.8812969
605909016,-1.665464,1.9430413,-4.1780176
605909021,-1.8042527,1.8616825,-4.1062303
605909026,-1.742037,2.134474,-4.2115183
605909030,-1.5458187,2.4790528,-4.3646646
605909034,-1.665464,2.5173392,-4.6039553
605909039,-1.8473251,2.4072654,-4.943748
605909043,-1.8329676,2.268477,-5.173467
605909048,-1.8903974,2.3450499,-5.360114
605909053,-1.8951832,2.3881223,-5.3266134
605909057,-1.9382555,2.2732627,-5.230897
605909062,-1.9382555,2.1488314,-5.2213254
605909067,-1.7037506,1.9669704,-5.3026843
605909071,-1.6558924,2.0626867,-5.42233
605909076,-1.7611804,2.0626867,-5.7381935
605909080,-2.0339718,1.9669704,-5.934412
605909085,-1.9861137,1.9669704,-5.876982
605909090,-2.340264,2.6513422,-6.6857853
605909094,-2.6513422,2.3498356,-7.4323726
605909099,-2.5651975,1.8329676,-7.341442
605909105,-2.6369848,1.6511066,-7.255297
605909109,-2.7039862,1.5314612,-7.159581
605909114,-2.5125535,1.483603,-6.9633627
605909119,-2.445552,1.4118158,-6.7145
605909124,-2.215833,0.93323416,-6.4991384
605909128,-1.8903974,0.9140909,-5.9679127
605909133,-1.9382555,0.96194905,-5.704693
605909138,-2.2206187,0.9475916,-5.5371895
605909142,-2.4694812,1.1246668,-5.178253
605909146,-2.7231295,1.14381,-5.21654
605909151,-2.9528487,1.3208853,-5.0921082
605909155,-3.2160685,1.3304569,-4.9341764
605909160,-3.6324344,1.3448143,-4.919819
605909165,-3.8573678,1.4883888,-5.0203214
605909169,-4.0775156,1.5027462,-4.9628916
605909174,-4.22109,1.7276796,-5.025107
605909179,-4.402951,1.9621847,-5.2452545
605909183,-4.78103,1.9908996,-5.484545
605909188,-5.0921082,1.8568966,-5.666406
605909192,-5.2931128,1.8138243,-5.647263
605909197,-5.360114,1.6558924,-5.6951213
605909202,-5.4701877,1.7755378,-5.5563326
605909206,-5.5084743,1.87604,-5.647263
605909211,-5.5563326,1.7324655,-5.6951213
605909217,-5.7860518,1.6463208,-5.623334
605909221,-6.2119894,1.6702498,-5.518046
605909226,-6.0732007,1.7276796,-6.09713
605909231,-6.164131,1.6223917,-6.3603497
605909236,-6.6283555,1.61282,-6.044486
605909240,-6.8054304,1.588891,-6.116273
605909245,-6.795859,1.3974583,-6.2072034
605909250,-6.7719297,1.3160994,-6.322063
605909254,-6.800645,1.1294526,-6.250276
605909258,-6.944219,1.0863802,-6.408208
605909263,-7.1260805,0.6460852,-6.1306305
605909267,-7.29837,1.1294526,-6.6762137
605909272,-7.3557997,0.68915755,-6.2598476
605909277,-7.6716633,0.7896597,-6.384279
605909281,-7.9635983,0.84230363,-6.350778
605909286,-8.418251,0.7513731,-6.2933483
605909291,-8.6048975,1.067237,-6.3986363
605909295,-8.868117,1.0050215,-6.2598476
605909300,-9.193553,1.0193789,-6.250276
605909304,-9.614705,0.9954498,-6.374707
605909309,-9.983212,1.2060257,-6.590069
605909314,-10.2847185,1.4261732,-6.7097144
605909318,-10.624512,1.5123179,-6.867646
605909323,-10.859017,1.5123179,-7.1021514
605909329,-11.112665,1.6702498,-7.3318706
605909333,-11.466816,1.8521109,-7.4084435
605909338,-11.777894,1.7803236,-7.422801
605909343,-11.864038,1.9334698,-7.4658732
605909348,-12.002827,1.9191123,-7.628591
605909352,-11.988469,1.8664683,-7.791309
605909357,-11.820966,1.6989647,-7.7817373
605909362,-11.725249,1.6271775,-7.8008804
605909367,-11.6726055,1.4453164,-7.6429486
605909371,-11.538603,1.3160994,-7.6142335
605909376,-11.313669,1.0624512,-7.518517
605909381,-11.069592,0.99066395,-7.4658732
605909386,-10.916447,0.78487384,-7.3222985
605909390,-10.815945,0.71787244,-7.1691527
605909395,-10.643655,0.5838696,-6.9968634
605909400,-10.543153,0.48336744,-6.953791
605909404,-10.452223,0.60301286,-6.872432
605909408,-10.361292,0.63172776,-6.872432
605909413,-10.212932,0.63172776,-6.9346476
605909417,-10.0837145,0.5647263,-7.006435
605909422,-9.959284,0.67001426,-7.0925794
605909427,-9.844424,0.7657306,-7.1212945
605909431,-9.777423,0.84708947,-7.130866
605909436,-9.796566,0.9763065,-7.150009
605909441,-9.758279,0.9667349,-7.0782223
605909445,-9.810924,1.0098072,-6.953791
605909450,-9.820495,1.0815945,-6.7145
605909454,-9.877925,1.1103094,-6.432137
605909459,-9.777423,0.7609448,-5.7621226
605909464,-9.830067,0.8518753,-5.7142644
605909468,-9.906639,0.8710185,-5.6137624
605909473,-9.968855,0.7322299,-5.3505425
605909479,-10.203361,0.6556568,-5.0346785
605909483,-10.232075,0.5168682,-4.766673
605909488,-10.208146,0.42593765,-4.7092433
605909493,-10.11243,0.27757734,-4.57524
605909498,-10.0932865,0.0,-4.3407354
605909502,-9.916211,-0.12443122,-4.527382
605909507,-9.906639,-0.13400285,-4.78103
605909512,-9.973641,0.033500712,-4.8958898
605909516,-10.11243,-0.009571632,-4.929391
605909520,-10.299076,0.09093051,-5.1016803
605909525,-10.461794,0.1483603,-5.1686816
605909529,-10.543153,0.19143265,-5.0442505
605909534,-10.720228,0.21536173,-4.8576035
605909539,-10.873374,0.13400285,-4.618313
605909543,-10.988234,0.014357449,-4.5034533
605909548,-10.930804,-0.1196454,-4.2019467
605909553,-10.930804,-0.3254355,-4.158874
605909557,-10.964305,-0.416366,-4.0296574
605909562,-10.997806,-0.52165395,-3.9770133
605909566,-10.954733,-0.598227,-3.7807949
605909571,-10.897304,-0.6652284,-3.7568657
605909576,-10.825516,-0.6460852,-3.8190813
605909580,-10.782444,-0.7418015,-3.9387267
605909585,-10.835088,-0.75615895,-3.8621538
605909590,-10.796802,-0.6748001,-3.9435124
605909594,-10.667584,-0.67001426,-3.9674416
605909599,-10.686728,-0.6748001,-4.0775156
605909603,-10.662799,-0.67001426,-3.9817991
605909608,-10.5766535,-0.7657306,-3.8190813
605909613,-10.619726,-0.92366254,-3.5893621
605909617,-10.619726,-0.90451926,-3.2926416
605909622,-10.653227,-0.885376,-3.125138
605909628,-10.562296,-1.0289505,-3.0677083
605909632,-10.552725,-1.0098072,-2.833203
605909637,-10.5862255,-1.196454,-2.60827
605909642,-10.629298,-1.3256711,-2.2589052
605909647,-10.67237,-1.4166015,-2.1153307
605909651,-10.78723,-1.4453164,-1.9908996
605909656,-10.806373,-1.4644598,-2.0387578
605909661,-10.906875,-1.3878866,-2.187118
605909666,-11.016949,-1.4118158,-2.368979
605909670,-11.016949,-1.4548881,-2.5316968
605909675,-11.026521,-1.5314612,-2.5986981
605909680,-10.9786625,-1.5171037,-2.7183435
605909685,-11.012163,-1.7516087,-2.7039862
605909689,-10.854231,-1.823396,-2.6417706
605909694,-10.835088,-1.8521109,-2.6321988
605909699,-10.830302,-1.9621847,-2.6130557
605909703,-10.835088,-2.029186,-2.5939124
605909707,-10.801587,-2.1536174,-2.5364826
605909712,-10.854231,-2.234976,-2.555626
605909716,-10.839873,-2.1966896,-2.5699832
605909721,-10.859017,-2.2110472,-2.60827
605909726,-10.768086,-2.1919038,-2.7231295
605909730,-10.5862255,-2.3833365,-2.7374868
605909735,-10.461794,-2.5316968,-2.7135577
605909741,-10.342149,-2.6321988,-2.7183435
605909745,-10.227289,-2.6992004,-2.7374868
605909750,-10.122002,-2.7757733,-2.833203
605909755,-9.987998,-2.7805593,-2.8571322
605909760,-9.863567,-2.8714898,-2.861918
605909764,-9.767851,-2.9049904,-2.9289196
605909769,-9.801352,-2.885847,-2.914562
605909774,-9.724778,-2.785345,-3.1059947
605909778,-9.657777,-2.7374868,-3.2687125
605909782,-9.710421,-2.6609137,-3.2830698
605909787,-9.629062,-2.6369848,-3.4745026
605909791,-9.542917,-2.60827,-3.5175748
605909796,-9.423272,-2.5986981,-3.5989337
605909801,-9.294055,-2.6656997,-3.670721
605909805,-9.088264,-2.6656997,-3.7903664
605909810,-9.021263,-2.6369848,-3.95787
605909815,-8.877689,-2.603484,-4.1780176
605909819,-8.781973,-2.6226273,-4.326378
605909824,-8.609683,-2.7135577,-4.374236
605909828,-8.657541,-2.761416,-4.4603806
605909833,-8.600112,-2.7949166,-4.3359494
605909838,-8.643184,-2.7997024,-4.350307
605909842,-8.676684,-2.9911351,-4.4173083
605909847,-8.561825,-3.101209,-4.345521
605909853,-8.561825,-3.3117847,-4.402951
605909857,-8.44218,-3.4075012,-4.4364514
605909862,-8.389536,-3.6276486,-4.3359494
605909867,-8.346463,-3.776009,-4.2306614
605909872,-8.456537,-3.8621538,-4.039229
605909876,-8.513967,-3.9482985,-3.8860826
605909881,-8.494823,-4.058372,-3.8095098
605909886,-8.643184,-4.0727296,-3.618077
605909890,-8.595325,-4.1014442,-3.460145
605909894,-8.719757,-4.139731,-3.412287
605909899,-8.772401,-4.144517,-3.412287
605909903,-8.877689,-4.0535865,-3.4505734
605909908,-9.00212,-4.0296574,-3.4505734
605909913,-9.040407,-3.8860826,-3.441002
605909917,-9.088264,-3.7903664,-3.5989337
605909922,-9.112194,-3.6515777,-3.541504
605909927,-9.131337,-3.5702188,-3.6132913
605909931,-9.045193,-3.5462897,-3.5702188
605909936,-9.016478,-3.484074,-3.565433
605909940,-8.915976,-3.43143,-3.3931437
605909945,-8.839402,-3.4027152,-3.3740003
605909950,-8.729329,-3.3357139,-3.278284
605909954,-8.667113,-3.3500714,-3.0772798
605909959,-8.700614,-3.3452854,-2.8571322
605909964,-8.643184,-3.3213565,-2.7135577
605909968,-8.753258,-3.1969252,-2.6130557
605909973,-8.781973,-3.0581365,-2.5986981
605909977,-8.844189,-2.866704,-2.5939124
605909982,-8.729329,-2.8284173,-2.6704855
605909987,-8.700614,-2.8188457,-2.4886243
605909991,-8.643184,-2.7279153,-2.5077677
605909996,-8.777187,-2.7183435,-2.4072654
605910002,-8.801116,-2.6992004,-2.239762
605910006,-8.896832,-2.680057,-1.9095407
605910011,-8.963834,-2.7757733,-1.6750357
605910016,-8.944691,-2.7901309,-1.4261732
605910021,-9.064336,-2.9337053,-1.1103094
605910025,-9.093051,-3.01985,-0.77530223
605910030,-9.188767,-3.1394954,-0.31107804
605910035,-9.26534,-3.2687125,-0.071787246
605910040,-9.327556,-3.3548572,0.2584341
605910044,-9.327556,-3.412287,0.42593765
605910049,-9.327556,-3.412287,0.4977249
605910054,-9.428058,-3.4075012,0.46901
605910059,-9.356271,-3.330928,0.33022133
605910063,-9.43763,-3.330928,0.21057591
605910068,-9.432844,-3.2687125,0.17228939
605910073,-9.466345,-3.1682103,0.09093051
605910077,-9.514202,-3.0294216,-0.14357449
605910081,-9.466345,-2.9528487,-0.2057901
605910086,-9.557275,-2.8523464,-0.27279153
605910090,-9.633848,-2.6944146,-0.2057901
605910095,-9.724778,-2.6226273,0.052643977
605910100,-9.82528,-2.5651975,0.30150643
605910104,-9.94014,-2.502982,0.51208234
605910109,-10.102858,-2.3737648,0.6556568
605910115,-10.251218,-2.2924058,0.99066395
605910119,-10.380435,-2.1584032,1.2825987
605910124,-10.46658,-2.1584032,1.5410328
605910129,-10.653227,-2.163189,1.9286839
605910134,-10.796802,-2.1584032,2.268477
605910138,-10.945162,-2.08183,2.6226273
605910143,-11.093522,-2.1440456,3.0246358
605910148,-11.25624,-2.2110472,3.3357139
605910152,-11.399815,-2.1679747,3.8477962
605910156,-11.548175,-2.1440456,4.3024487
605910161,-11.66782,-2.1009734,4.5895977
605910165,-11.773108,-2.1392598,4.9389625
605910170,-11.978898,-2.215833,5.278755
605910175,-12.141616,-2.2589052,5.5371895
605910179,-12.390478,-2.2206187,5.5611186
605910184,-12.476623,-2.0387578,5.6376915
605910189,-12.610625,-1.952613,5.599405
605910193,-12.888203,-1.8616825,5.6137624
605910198,-12.974348,-1.718108,5.5132604
605910202,-12.988705,-1.5745336,5.647263
605910207,-12.974348,-1.6606783,5.723836
605910212,-12.998277,-1.7611804,5.9487696
605910216,-12.969562,-1.8425392,5.915269
605910221,-12.845131,-1.9621847,5.89134
605910226,-12.816416,-2.1201165,5.886554
605910230,-12.81163,-2.2445478,5.9296265
605910235,-12.773343,-2.4359803,5.814767
605910239,-12.873845,-2.5699832,5.8961253
605910244,-12.969562,-2.6656997,5.8482676
605910249,-13.180138,-2.6704855,5.7860518
605910253,-13.515145,-2.6369848,5.666406
605910258,-13.802294,-2.555626,5.647263
605910264,-14.017655,-2.5125535,5.541975
605910268,-14.343091,-2.392908,5.599405
605910273,-14.716385,-2.234976,5.503689
605910278,-15.060964,-2.0626867,5.355328
605910283,-15.501259,-1.8042527,5.029893
605910287,-15.850623,-1.5458187,4.7762446
605910292,-16.290918,-1.301742,4.4603806
605910297,-16.764713,-1.067237,4.2785196
605910301,-17.142794,-0.8279462,3.9482985
605910305,-17.511301,-0.5838696,3.7664373
605910310,-17.803236,-0.4785816,3.4266443
605910314,-18.195673,-0.22014755,3.3452854
605910319,-18.372747,-0.27279153,3.2591407
605910324,-18.296175,-0.42593765,3.4697168
605910328,-18.157387,-0.81358874,3.9435124
605910333,-18.104742,-1.1150951,4.407737
605910338,-17.927668,-1.3974583,4.83846
605910342,-18.066456,-1.5984626,5.4079723
605910347,-17.956383,-1.742037,5.9009113
605910351,-17.549587,-2.239762,6.226347
605910356,-17.185865,-2.60827,6.5182815
605910361,-16.817358,-3.0246358,6.7480006
605910365,-16.659426,-3.2639267,6.8293595
605910370,-16.865215,-3.3692145,7.0973654
605910376,-17.094934,-3.2399976,7.0590787
605910380,-17.391657,-3.0581365,6.9920774
605910385,-17.669233,-2.914562,6.7910733
605910390,-18.210032,-2.5221252,6.7240715
605910395,-18.40625,-2.2589052,6.2119894
605910399,-18.741257,-1.8712541,5.5132604
605910404,-18.96619,-1.5506045,4.8288884
605910409,-19.033192,-1.2682413,4.0679436
605910414,-19.20548,-0.9667349,3.464931
605910418,-19.042763,-0.6460852,2.9911351
605910423,-19.13848,-0.43072346,2.7231295
605910428,-19.272482,-0.234505,2.6226273
605910433,-19.339483,0.052643977,2.6369848
605910437,-19.540487,0.27757734,2.6656997
605910442,-19.784565,0.73701566,2.7709875
605910447,-19.72235,1.014593,2.7518444
605910451,-19.774992,1.4596739,2.7901309
605910455,-19.741491,1.7755378,2.6752713
605910460,-19.851566,2.316335,2.4120514
605910464,-19.985569,2.81406,2.5699832
605910469,-20.53115,3.1825678,2.7422726
605910474,-20.923588,3.565433,3.0294216
605910478,-21.239452,3.699436,3.3787863
605910483,-21.239452,3.5367181,3.7329366
605910488,-20.923588,3.22564,3.9004402
605910492,-20.34929,2.680057,4.187589
605910497,-19.841993,2.6178415,4.326378
605910501,-18.659897,1.9813279,4.0775156
605910506,-18.482822,1.5075321,4.8815327
605910511,-17.626162,1.8042527,4.685314
605910515,-17.353369,1.770752,4.3359494
605910520,-16.94179,2.187118,4.2115183
605910526,-16.477566,2.6417706,4.0918727
605910530,-16.424921,3.1825678,4.22109
605910535,-16.592424,3.723365,4.192375
605910540,-16.7695,4.0918727,4.345521
605910545,-16.59721,4.474738,4.192375
605910549,-16.798214,5.029893,3.8621538
605910554,-16.831715,5.57069,3.436216
605910559,-16.783857,6.015771,2.8044882
605910563,-16.736,6.307706,2.5604117
605910567,-16.573282,6.5278535,2.5316968
605910572,-16.429707,6.738429,2.4168372
605910576,-16.214346,7.1643667,2.5939124
605910581,-15.94634,7.4515157,2.6704855
605910586,-15.77405,7.6429486,2.7949166
605910590,-15.142323,7.604662,2.5316968
605910595,-14.343091,7.379729,2.0674727
605910600,-13.596504,7.542446,1.6798215
605910604,-13.036563,7.585519,1.6080343
605910609,-12.4574795,7.523303,1.5266753
605910613,-11.90711,7.4850163,1.5793194
605910618,-11.356742,7.5376606,1.6558924
605910623,-10.93559,7.5711613,1.6176059
605910627,-10.705871,7.733879,1.6893932
605910632,-10.0932865,7.441944,1.7994668
605910638,-9.815709,7.872668,1.5841051
605910642,-9.236626,8.035385,1.4644598
605910647,-8.681471,8.159817,1.2538838
605910652,-8.164602,8.509181,1.0624512
605910657,-7.910954,8.858545,0.9667349
605910661,-7.70995,9.021263,1.2347406
605910666,-7.4084435,9.17441,1.2634555
605910671,-7.188296,9.370628,1.3304569
605910675,-6.92029,9.423272,1.40703
605910679,-6.944219,9.643419,1.718108
605910684,-6.9585767,9.7917795,1.8712541
605910688,-7.0351496,9.777423,1.8377534
605910693,-6.901147,9.834852,1.6702498
605910698,-6.7240715,10.074143,1.4692456
605910702,-6.6522846,10.179431,1.1581675
605910707,-6.901147,10.279933,1.1868824
605910712,-6.9920774,10.361292,1.1007377
605910716,-6.9585767,10.222504,0.83751786
605910721,-6.690571,9.925783,0.38765112
605910725,-6.374707,9.710421,-0.004785816
605910730,-6.0014133,9.399343,-0.5264398
605910735,-5.5898333,8.949476,-0.6939433
605910739,-5.3026843,8.375178,-0.60779864
605910744,-5.053822,7.7673798,-0.46901
605910750,-4.5465255,7.274441,-0.5695121
605910754,-4.0679436,6.8150024,-0.6795859
605910759,-3.5989337,6.2550616,-0.68915755
605910764,-3.1347096,5.465402,-0.57429796
605910769,-2.6369848,4.6900997,-0.703515
605910773,-2.368979,4.139731,-0.80880296
605910778,-2.0770442,3.6659353,-0.94280577
605910783,-1.770752,3.0868514,-0.92366254
605910788,-1.1246668,2.4024796,-0.96194905
605910792,-1.1868824,1.7324655,-1.2060257
605910797,-0.6173703,0.9571632,-1.7851094
605910802,-0.12921704,0.047858164,-2.1392598
605910807,0.39722276,-0.7705164,-2.5412683
605910811,0.45943835,-1.2299547,-3.0820656
605910816,0.60779864,-1.8473251,-3.6372204
605910821,0.6748001,-2.5699832,-4.168446
605910825,0.4402951,-3.5032175,-4.580026
605910829,0.33022133,-4.5991693,-5.0633936
605910834,0.43550926,-5.9487696,-5.336185
605910838,0.7226582,-7.341442,-5.910483
605910843,1.2490981,-8.767615,-6.4464946
605910848,1.7324655,-10.289505,-7.106937
605910852,2.3259068,-11.835323,-7.628591
605910857,3.0437791,-13.462501,-8.0114565
605910862,3.8286529,-14.773814,-8.427822
605910866,4.560883,-16.0947,-8.7053995
605910871,5.2978983,-17.324656,-9.069121
605910875,6.063629,-18.377535,-9.294055
605910880,6.781502,-19.042763,-9.557275
605910885,7.1165085,-19.368198,-9.67692
605910889,7.2792263,-19.664919,-9.853995
605910894,7.1165085,-19.841993,-9.897068
605910900,6.8867893,-19.851566,-9.772636
605910904,6.5757113,-19.664919,-9.82528
605910909,6.1067014,-19.17198,-9.887496
605910914,5.4271154,-18.53068,-10.088501
605910919,4.4651666,-17.587875,-10.203361
605910923,3.541504,-16.530209,-10.404365
605910928,2.5221252,-15.486901,-10.610154
605910933,1.6893932,-14.496237,-10.758514
605910937,0.90451926,-13.706577,-10.868588
605910941,0.21536173,-12.92649,-10.973877
605910946,-0.38765112,-12.414407,-11.021734
605910950,-0.81358874,-11.969326,-10.906875
605910955,-1.1485959,-11.749179,-10.82073
605910960,-1.3878866,-11.605604,-10.538367
605910964,-1.6463208,-11.605604,-10.160288
605910969,-1.8521109,-11.629534,-9.820495
605910974,-2.1536174,-11.792251,-9.370628
605910978,-2.3785505,-11.921468,-9.021263
605910983,-2.861918,-12.170331,-8.777187
605910987,-3.3022132,-12.261261,-8.595325
605910992,-3.8956544,-12.356977,-8.494823
605910997,-4.618313,-12.452694,-8.561825
605911001,-5.230897,-12.529266,-8.872903
605911006,-5.8243384,-12.682413,-9.384986
605911011,-6.3986363,-12.892989,-9.877925
605911015,-6.86286,-13.342855,-10.428293
605911020,-7.2840123,-13.701792,-11.002591
605911024,-7.686021,-14.070299,-11.61039
605911029,-8.317748,-14.405307,-12.189474
605911034,-8.892047,-14.769029,-12.763772
605911038,-9.652991,-15.127965,-13.199281
605911043,-10.93559,-15.4342575,-13.500788
605911049,-12.409621,-15.869766,-13.72572
605911053,-14.419664,-16.137772,-13.716149
605911058,-16.850859,-16.429707,-13.663506
605911063,-19.69842,-16.750357,-13.438572
605911068,-22.75177,-16.841288,-13.400286
605911072,-25.685476,-16.831715,-13.405071
605911077,-28.834543,-17.133223,-14.0463705
605911082,-32.242043,-16.922646,-14.754671
605911086,-35.080032,-16.410564,-15.750121
605911090,-38.186028,-16.266989,-16.668999
605911095,-40.899586,-16.132986,-17.894167
605911099,-43.617928,-16.36749,-19.210266
605911104,-45.94862,-17.042292,-20.607725
605911109,-48.197956,-18.013813,-22.091328
605911113,-50.327644,-19.497416,-23.60843
605911118,-52.658337,-21.038448,-24.977175
605911124,-54.89331,-22.914488,-26.35549
605911128,-57.40108,-24.780956,-27.341368
605911133,-60.377857,-27.011147,-27.973095
605911138,-63.771,-29.279623,-28.853685
605911143,-67.53265,-32.1559,-30.275074
605911147,-71.41873,-35.113533,-32.069756
605911152,-75.6159,-38.669395,-34.79767
605911157,-79.95184,-42.25876,-38.162098
605911162,-84.86209,-46.187912,-41.382954
605911166,-89.82498,-51.71553,-45.111103
605911171,-98.30067,-57.051716,-47.556656
605911176,-106.88163,-62.23954,-49.772488
605911181,-114.51022,-68.34145,-53.031628
605911185,-123.48363,-75.38139,-55.64947
605911190,-133.6487,-81.641235,-57.563797
605911195,-143.69414,-86.73814,-58.477886
605911199,-151.75822,-90.18392,-59.774845
605911203,-156.78812,-91.064514,-60.071564
605911208,-156.78812,-90.27964,-58.138096
605911212,-156.78812,-87.18321,-54.92681
605911217,-156.78812,-80.75586,-50.164925
605911222,-156.78812,-72.155754,-43.91465
605911226,-156.78812,-65.6279,-38.052025
605911231,-156.78812,-57.329292,-33.06999
605911236,-156.72112,-51.74903,-29.22698
605911240,-149.44669,-47.843803,-28.068811
605911245,-140.30577,-45.08239,-29.150406
605911249,-130.782,-44.996243,-31.361454
605911254,-122.30632,-46.09698,-35.864906
605911259,-114.950516,-47.25515,-39.262836
605911263,-106.68542,-48.619106,-40.813442
605911268,-97.534935,-50.25107,-41.244164
605911274,-89.01618,-51.940464,-42.043396
605911278,-80.73193,-54.352516,-44.115654
605911283,-72.251465,-55.357536,-45.144604
605911288,-63.024414,-54.625305,-46.743065
605911293,-61.63174,-55.94619,-45.943836
605911297,-61.80403,-54.433872,-46.427204
605911302,-61.7466,-53.15606,-42.83784
605911307,-60.779865,-49.676773,-42.512405
605911311,-59.77963,-46.872284,-40.59808
605911315,-58.92297,-43.622715,-38.851257
605911320,-59.38241,-39.85149,-36.372204
605911324,-59.86099,-36.333916,-35.233177
605911329,-60.47357,-33.42414,-34.40523
605911334,-60.483147,-30.643581,-33.452854
605911338,-59.655197,-28.068811,-33.20399
605911343,-59.21969,-26.532564,-32.78763
605911348,-58.745895,-25.364826,-32.452618
605911352,-58.39653,-24.723526,-31.897465
605911357,-57.61644,-24.273659,-31.131735
605911361,-56.12805,-24.278446,-29.418411
605911366,-54.706665,-24.115728,-27.446655
605911371,-54.314228,-24.053513,-24.996319
605911375,-53.447994,-23.63236,-21.636675
605911380,-51.61503,-23.000633,-18.506752
605911385,-49.719845,-22.47898,-15.592189
605911389,-47.250362,-21.890324,-13.098779
605911394,-45.08239,-20.880516,-10.624512
605911398,-41.952465,-19.12412,-9.00212
605911403,-39.353767,-18.7939,-7.2648687
605911408,-36.735924,-17.291153,-6.164131
605911412,-34.414803,-16.434492,-4.637456
605911417,-32.2899,-14.611096,-3.1299238
605911423,-30.89723,-13.744864,-2.4359803
605911427,-29.78692,-12.160759,-1.6941789
605911432,-28.164528,-10.543153,-0.60779864
605911437,-28.135813,-8.992549,-0.9667349
605911442,-25.034605,-8.155031,-0.43550926
605911446,-24.986746,-6.9585767,-0.28236315
605911451,-23.326069,-6.537425,-0.08614469
605911456,-22.129614,-6.0875583,0.22014755
605911460,-21.158092,-6.0779867,0.6652284
605911464,-20.665154,-5.814767,1.1725249
605911469,-20.042997,-5.6137624,1.6941789
605911473,-19.420841,-5.259612,2.4599094
605911478,-19.095407,-4.972463,3.5702188
605911483,-18.616825,-4.824103,4.608741
605911487,-18.018599,-4.455595,5.5324035
605911492,-17.611803,-4.16366,6.594855
605911498,-17.19065,-3.7807949,7.3845143
605911502,-16.501493,-3.5223608,7.934883
605911507,-15.750121,-3.2447834,8.269891
605911512,-14.917389,-3.0677083,8.734115
605911517,-14.285662,-2.9337053,9.0069065
605911521,-13.476858,-2.7422726,9.207911
605911526,-12.414407,-2.8044882,9.207911
605911531,-11.122237,-2.9193478,9.2988405
605911536,-9.911426,-3.1825678,9.6003475
605911540,-8.7053995,-3.5032175,10.011928
605911545,-7.542446,-3.7903664,10.6771555
605911550,-6.3938503,-3.9435124,11.241882
605911555,-5.518046,-3.9530842,11.81618
605911559,-4.8576035,-3.8334389,12.380906
605911564,-4.398165,-3.5606472,12.830773
605911569,-4.0727296,-3.1299238,12.998277
605911573,-3.8860826,-2.6848428,13.031777
605911577,-3.7042217,-2.1057591,12.90256
605911582,-3.4984317,-1.61282,12.519695
605911586,-3.2926416,-1.1629534,11.892754
605911591,-3.125138,-0.63172776,11.313669
605911596,-2.8810613,-0.10050214,10.753729
605911600,-2.6417706,0.20100428,10.169859
605911605,-2.2014754,0.4450809,9.652991
605911610,-1.8042527,0.598227,9.078693
605911614,-1.4692456,0.83751786,8.662328
605911619,-1.2538838,1.0528796,8.470895
605911623,-1.0528796,1.3065279,8.198103
605911628,-0.87580436,1.4644598,7.9492407
605911633,-0.74658734,1.5841051,7.829595
605911637,-0.6269419,1.8951832,7.609448
605911642,-0.63651353,2.2062612,7.480231
605911647,-0.5312256,2.3737648,7.365371
605911651,-0.22493336,2.627413,7.29837
605911656,0.004785816,2.6656997,7.2792263
605911660,0.39722276,2.603484,7.3462276
605911665,0.90451926,2.5939124,7.365371
605911670,1.5218896,2.5173392,7.365371
605911674,2.057901,2.4168372,7.365371
605911679,2.6369848,2.4886243,7.360585
605911685,3.1155663,2.4407663,7.499374
605911689,3.5271466,2.5221252,7.7147355
605911694,3.771223,2.5412683,7.8200235
605911699,3.8142955,2.6896286,7.97317
605911704,3.9147975,2.7709875,8.164602
605911708,3.905226,2.995921,8.322535
605911713,3.9674416,3.1347096,8.389536
605911718,3.9195836,3.2208543,8.528324
605911722,3.8956544,3.3117847,8.513967
605911726,3.9530842,3.3740003,8.542682
605911731,4.2115183,3.383572,8.456537
605911735,4.479524,3.441002,8.332106
605911740,4.78103,3.4697168,8.126316
605911745,5.0586076,3.4745026,7.9827414
605911749,5.312256,3.48886,7.757808
605911754,5.4510446,3.5606472,7.542446
605911759,5.62812,3.6132913,7.394086
605911763,5.7142644,3.7425082,7.4084435
605911768,5.6999073,3.905226,7.379729
605911772,5.5754757,4.16366,7.3079414
605911777,5.360114,4.4173083,7.312727
605911782,5.1160374,4.6470275,7.4084435
605911786,4.905462,4.9150333,7.5089455
605911791,4.7236004,5.049036,7.6333766
605911797,4.493881,5.211754,7.8248096
605911801,4.268948,5.3744717,7.958812
605911806,4.3120203,5.441473,7.9444547
605911811,4.3120203,5.484545,7.9253116
605911816,4.3120203,5.4797597,7.896597
605911820,4.1971607,5.5611186,7.7817373
605911825,4.2115183,5.4797597,7.5663753
605911830,4.1301594,5.565904,7.3318706
605911834,4.249805,5.522832,7.0590787
605911838,4.431666,5.3649,6.8389316
605911843,4.5848117,5.2978983,6.65707
605911847,4.527382,5.2500405,6.2885623
605911852,4.560883,5.355328,6.0061994
605911857,4.608741,5.417544,5.7142644
605911861,4.6661706,5.393615,5.3696856
605911866,4.5991693,5.498903,5.1160374
605911872,4.4843097,5.565904,4.924605
605911876,4.42688,5.5563326,4.78103
605911881,4.3838077,5.5611186,4.8336744
605911886,4.3120203,5.599405,4.6422415
605911891,4.268948,5.494117,4.6757426
605911895,4.36945,5.4893312,4.680528
605911900,4.3885937,5.4319015,4.57524
605911905,4.431666,5.3313994,4.580026
605911909,4.4651666,5.206968,4.4890957
605911913,4.527382,5.154324,4.5656686
605911918,4.6039553,5.053822,4.536954
605911922,4.742744,4.891104,4.536954
605911927,4.7523155,4.714029,4.513025
605911932,4.943748,4.6422415,4.3646646
605911936,4.9772487,4.6230984,4.249805
605911941,5.025107,4.6230984,4.2067323
605911947,5.0346785,4.6470275,4.000942
605911951,5.0155354,4.5943837,4.120588
605911956,5.0155354,4.5034533,4.0727296
605911961,4.9628916,4.407737,4.0248713
605911966,5.0155354,4.288091,4.0966587
605911970,4.9820347,4.168446,4.192375
605911975,4.9772487,4.115802,4.249805
605911980,4.9820347,4.0966587,4.240233
605911984,4.7475295,3.95787,4.264162
605911988,4.685314,3.905226,4.3359494
605911993,4.4603806,3.8956544,4.2115183
605911997,4.331164,3.8477962,4.168446
605912002,4.0966587,3.876511,4.1540885
605912007,3.905226,3.8956544,4.192375
605912011,3.929155,4.0727296,3.9530842
605912016,3.8860826,4.2833056,3.8908687
605912021,3.7664373,4.1971607,3.9243693
605912025,3.594148,4.321592,3.929155
605912030,3.5702188,4.4603806,3.8956544
605912034,3.4170728,4.5465255,3.8142955
605912039,3.3883579,4.5225964,3.8382246
605912044,3.3787863,4.608741,3.699436
605912048,3.206497,4.7523155,3.5271466
605912053,3.0102785,4.785816,3.43143
605912059,2.861918,4.8097453,3.2878556
605912063,2.7949166,4.7283864,3.1203523
605912068,2.6321988,4.6470275,2.9337053
605912073,2.4024796,4.6278844,2.7662017
605912078,2.2062612,4.5225964,2.5316968
605912082,2.0626867,4.5895977,2.4359803
605912087,1.9047549,4.5704546,2.3737648
605912092,1.6989647,4.613527,2.263691
605912096,1.5075321,4.656599,2.2062612
605912100,1.3352427,4.680528,2.1440456
605912105,1.1103094,4.6948857,2.0148287
605912109,0.9093051,4.742744,1.9573988
605912114,0.70830077,4.6996713,1.7994668
605912119,0.5551547,4.656599,1.6941789
605912123,0.42593765,4.618313,1.5745336
605912128,0.31586388,4.5991693,1.3831009
605912133,0.24407662,4.6039553,1.1677392
605912137,0.11485959,4.5417395,1.067237
605912142,0.023929082,4.3838077,0.8805902
605912146,0.023929082,4.2593765,0.6173703
605912151,0.08135887,4.120588,0.5360114
605912156,0.2392908,4.082301,0.22971918
605912160,0.27279153,4.0248713,-0.043072347
605912165,0.34457877,3.9482985,-0.4785816
605912170,0.24886245,3.9770133,-0.7418015
605912174,-0.009571632,3.905226,-1.0098072
605912179,-0.21057591,3.9530842,-1.3256711
605912183,-0.45943835,3.9817991,-1.5553902
605912188,-0.84230363,4.144517,-1.9191123
605912193,-1.3113136,4.3550925,-2.110545
605912197,-1.8903974,4.6039553,-2.3019776
605912202,-2.28762,4.814531,-2.4168372
605912208,-2.8236315,5.0203214,-2.603484
605912212,-3.3117847,5.230897,-2.7949166
605912217,-3.7090075,5.336185,-3.0581365
605912222,-4.0248713,5.4271154,-3.278284
605912227,-4.2067323,5.527618,-3.5175748
605912231,-4.3550925,5.5515466,-3.852582
605912236,-4.398165,5.460616,-3.9817991
605912241,-4.321592,5.3696856,-4.2976627
605912246,-4.182803,5.2931128,-4.5034533
605912250,-4.1014442,5.068179,-4.508239
605912255,-3.9100118,4.714029,-4.737958
605912260,-3.7903664,4.5465255,-4.862389
605912265,-3.6850784,4.42688,-4.8815327
605912269,-3.6085055,4.393379,-4.967677
605912274,-3.7472942,4.350307,-5.0155354
605912279,-4.115802,4.350307,-5.053822
605912283,-4.4173083,4.4173083,-5.1878247
605912287,-4.9150333,4.6518135,-5.2500405
605912292,-5.3313994,4.7714586,-5.3218274
605912296,-5.814767,4.8719606,-5.360114
605912301,-6.2933483,4.891104,-5.4510446
605912306,-6.8915753,4.9102473,-5.5563326
605912310,-7.29837,5.001178,-5.6424775
605912315,-7.623805,4.757101,-5.752551
605912321,-7.9013824,4.656599,-6.044486
605912325,-8.0306,4.4651666,-6.116273
605912330,-8.145459,4.249805,-6.4417086
605912335,-8.289034,4.4890957,-6.6283555
605912340,-8.509181,3.929155,-6.551782
605912344,-8.595325,4.0153,-6.8580747
605912349,-8.676684,4.144517,-7.0160065
605912354,-8.91119,4.16366,-7.1691527
605912358,-9.112194,4.249805,-7.4658732
605912362,-9.327556,4.3646646,-7.609448
605912367,-9.4998455,4.5225964,-7.91574
605912371,-9.624276,4.608741,-8.0114565
605912376,-9.906639,4.718815,-8.23639
605912381,-10.078929,4.862389,-8.451752
605912385,-10.375649,4.943748,-8.64797
605912390,-10.591011,4.8528175,-8.85376
605912395,-10.859017,4.8001738,-9.0978365
605912399,-11.103093,4.6422415,-9.495059
605912404,-11.442886,4.618313,-9.82528
605912408,-11.562531,4.536954,-10.222504
605912413,-11.75875,4.4986672,-10.571868
605912418,-11.935825,4.469952,-10.839873
605912422,-12.084186,4.469952,-11.016949
605912427,-12.199045,4.560883,-11.294526
605912433,-12.266047,4.57524,-11.452458
605912437,-12.347405,4.924605,-11.701321
605912442,-12.596269,5.0825367,-11.90711
605912447,-12.505338,5.235683,-11.954968
605912452,-12.347405,5.3266134,-12.222975
605912456,-12.218188,5.4319015,-12.395264
605912461,-12.275619,5.4510446,-12.668056
605912466,-12.189474,5.446259,-12.81163
605912470,-12.055471,5.494117,-12.988705
605912474,-11.916682,5.4271154,-13.07485
605912479,-11.988469,5.4701877,-13.266282
605912483,-11.9645405,5.360114,-13.256711
605912488,-11.864038,5.3313994,-13.275854
605912493,-11.9645405,5.3266134,-13.400286
605912497,-11.921468,5.412758,-13.539074
605912502,-11.844895,5.3313994,-13.48643
605912507,-11.777894,5.2883267,-13.218424
605912511,-11.75875,5.2883267,-12.916918
605912516,-11.854466,5.130395,-12.409621
605912520,-11.706106,4.9533195,-12.088972
605912525,-11.490745,4.57524,-11.854466
605912530,-11.337599,4.493881,-11.586461
605912534,-11.332812,4.6709566,-11.562531
605912539,-11.409386,4.5848117,-11.155738
605912544,-11.4716015,4.455595,-10.667584
605912548,-11.438101,4.2067323,-10.1842165
605912553,-11.390243,4.0440145,-9.978427
605912557,-11.332812,3.7090075,-9.595561
605912562,-11.174881,3.6802926,-9.332341
605912567,-11.055236,3.5175748,-9.00212
605912571,-10.897304,3.4553592,-8.892047
605912576,-10.763301,3.412287,-8.920761
605912582,-10.739371,3.2304258,-9.054764
605912586,-10.600583,3.125138,-9.313198
605912591,-10.380435,2.9576344,-9.571632
605912596,-10.26079,3.2352118,-9.877925
605912601,-10.016713,2.8810613,-10.126787
605912605,-9.786994,2.8475606,-10.294291
605912610,-9.504631,2.7422726,-10.629298
605912615,-9.260554,2.6513422,-10.744158
605912620,-9.035621,2.445552,-10.949947
605912624,-8.662328,2.2254045,-11.031306
605912629,-8.399107,2.0961876,-11.184452
605912634,-8.083243,1.9334698,-11.241882
605912639,-7.8248096,1.5553902,-11.016949
605912643,-6.9585767,2.1201165,-11.055236
605912648,-7.5950904,1.067237,-10.323006
605912653,-8.107173,1.3735292,-10.088501
605912657,-6.949005,2.555626,-9.614705
605912661,-6.0827723,1.6702498,-9.82528
605912666,-9.255769,1.9382555,-10.413936
605912670,-7.260083,0.9667349,-9.227054
605912675,-9.47113,0.19621846,-9.274912
605912680,-8.609683,2.574769,-11.380671
605912684,-7.4371586,2.885847,-10.600583
605912689,-8.805902,2.234976,-10.926019
605912695,-9.399343,2.4407663,-10.241647
605912699,-9.542917,2.6369848,-10.217717
605912704,-9.337128,2.8571322,-10.256004
605912709,-9.222268,2.7039862,-10.078929
605912714,-9.313198,2.4838386,-9.624276
605912718,-9.361056,2.2971919,-9.294055
605912723,-8.987762,2.1584032,-9.088264
605912728,-8.542682,1.8808258,-9.045193
605912732,-8.2124605,1.8377534,-9.11698
605912736,-8.226818,1.6271775,-9.030835
605912741,-8.356035,1.5601761,-8.992549
605912745,-8.38475,1.5171037,-8.872903
605912750,-8.619255,1.1677392,-8.274676
605912755,-8.418251,0.8997334,-8.743686
605912759,-8.222033,0.832732,-8.561825
605912764,-8.298605,0.77530223,-8.241176
605912769,-8.159817,0.5360114,-7.958812
605912773,-7.872668,0.42593765,-7.7769513
605912778,-7.7243075,0.45465255,-7.7434506
605912782,-7.4323726,0.43550926,-7.70995
605912787,-7.4275866,0.24407662,-7.753022
605912792,-7.480231,-0.03828653,-7.499374
605912796,-7.5950904,-0.234505,-7.528089
605912801,-7.6190195,-0.3254355,-7.4084435
605912806,-7.418015,-0.3828653,-7.3222985
605912810,-7.24094,-0.6125845,-7.2265825
605912815,-7.2217965,-0.6556568,-7.2505116
605912819,-7.0399356,-0.94280577,-7.159581
605912824,-6.848503,-1.1868824,-7.188296
605912829,-6.613998,-1.2347406,-7.159581
605912833,-6.6474986,-1.067237,-7.2026534
605912838,-6.4704237,-1.067237,-7.379729
605912844,-6.1832747,-1.2155973,-7.7195215
605912848,-6.355564,-0.9858781,-7.8008804
605912853,-6.8532887,-1.1294526,-7.2265825
605912858,-7.054293,-1.0337363,-7.0351496
605912863,-6.7862873,-1.0576653,-7.686021
605912867,-6.3938503,-1.2395264,-7.7673798
605912872,-6.374707,-1.4788172,-7.6190195
605912877,-6.3794928,-1.3831009,-7.6908064
605912881,-6.427351,-1.3783151,-7.7195215
605912885,-6.7097144,-1.1629534,-7.5615897
605912890,-6.9155045,-1.2155973,-7.5711613
605912894,-6.843717,-1.277813,-7.44673
605912899,-6.719286,-1.3735292,-7.4706593
605912904,-6.7240715,-1.2682413,-7.5328746
605912908,-6.7575727,-1.1629534,-7.083008
605912913,-6.4799953,-1.1629534,-7.054293
605912918,-6.513496,-1.0959519,-6.9968634
605912922,-6.594855,-1.2443122,-7.0590787
605912927,-6.6762137,-1.4788172,-6.7527866
605912931,-6.661856,-1.6032485,-6.6666417
605912936,-6.4656377,-1.6511066,-6.618784
605912941,-6.389065,-1.7994668,-6.4991384
605912945,-6.4417086,-1.9621847,-6.4704237
605912950,-6.350778,-2.0148287,-6.719286
605912956,-6.475209,-2.0387578,-6.762358
605912960,-6.403422,-1.9382555,-6.8532887
605912965,-6.3124914,-1.9095407,-6.8341455
605912970,-6.1784887,-1.8281817,-7.1978674
605912975,-6.2311325,-1.6798215,-7.3318706
605912979,-6.264633,-1.7276796,-7.547232
605912984,-6.345992,-1.6176059,-7.7147355
605912989,-6.2789907,-1.5984626,-7.810452
605912994,-6.3172774,-1.4979604,-8.0306
605912998,-6.355564,-1.4213874,-8.35125
605913003,-6.374707,-1.3687434,-8.528324
605913008,-6.5182815,-1.3065279,-8.509181
605913013,-6.594855,-1.2538838,-8.427822
605913017,-6.6283555,-1.3160994,-8.303391
605913022,-6.819788,-1.1820966,-8.336892
605913027,-6.9633627,-1.1103094,-8.193317
605913031,-7.255297,-1.0720228,-8.021028
605913035,-7.4323726,-1.0385221,-7.8630958
605913040,-7.7147355,-0.95237744,-7.480231
605913044,-7.91574,-0.9954498,-7.2696548
605913049,-7.9635983,-0.9284483,-7.1021514
605913054,-8.169388,-0.83751786,-6.901147
605913058,-8.155031,-0.8518753,-6.7719297
605913063,-8.322535,-0.9954498,-6.633141
605913068,-8.35125,-0.9858781,-6.743215
605913072,-8.360821,-1.0528796,-6.6857853
605913077,-8.2028885,-1.0768087,-6.987292
605913081,-8.336892,-1.2634555,-6.743215
605913086,-8.245961,-1.0289505,-7.0351496
605913091,-8.451752,-1.3591717,-6.3651357
605913095,-8.17896,-1.1629534,-6.944219
605913100,-8.135887,-1.6032485,-6.6474986
605913106,-8.054528,-1.4883888,-6.7527866
605913110,-7.9253116,-1.5984626,-6.6809993
605913115,-7.9492407,-1.4548881,-6.7145
605913120,-8.016242,-1.354386,-6.795859
605913125,-8.049743,-1.3639576,-6.6522846
605913129,-8.188532,-1.0576653,-6.5709257
605913134,-8.269891,-0.8997334,-6.5422106
605913139,-8.379964,-0.8040171,-6.4417086
605913143,-8.47568,-0.7992313,-6.2789907
605913147,-8.485252,-0.7609448,-6.044486
605913152,-8.513967,-0.7609448,-5.8434815
605913156,-8.580969,-0.73701566,-5.733408
605913161,-8.576182,-0.8566611,-5.518046
605913166,-8.59054,-1.119881,-4.9820347
605913170,-8.585754,-1.4118158,-4.455595
605913175,-8.729329,-1.4548881,-4.240233
605913180,-8.772401,-1.430959,-4.2593765
605913184,-8.829831,-1.3783151,-4.455595
605913189,-8.863332,-1.2155973,-4.7236004
605913193,-8.920761,-1.0815945,-5.1160374
605913198,-8.963834,-1.0193789,-5.518046
605913203,-8.906404,-0.96194905,-5.881768
605913207,-8.906404,-1.0480938,-6.1593456
605913212,-8.85376,-1.1246668,-6.513496
605913218,-8.676684,-1.2825987,-6.633141
605913222,-8.61447,-1.4501023,-6.8150024
605913227,-8.6048975,-1.5553902,-6.7910733
605913232,-8.686256,-1.7085364,-6.6283555
605913237,-8.848974,-1.7851094,-6.4225655
605913241,-9.05955,-1.9717562,-6.202418
605913246,-9.088264,-2.0196145,-6.092344
605913251,-9.203125,-2.057901,-5.953555
605913255,-9.375414,-2.1201165,-5.9487696
605913259,-9.456773,-2.187118,-5.809981
605913264,-9.56206,-2.1823323,-5.6999073
605913268,-9.538132,-2.000471,-5.709479
605913273,-9.638634,-1.9286839,-5.7956233
605913278,-9.719993,-1.9095407,-5.8961253
605913282,-9.652991,-1.7994668,-6.0014133
605913287,-9.595561,-1.7659662,-6.1306305
605913292,-9.475916,-1.6415349,-6.0301285
605913296,-9.4137,-1.4979604,-6.0540576
605913301,-9.308413,-1.3974583,-6.020557
605913305,-9.351485,-1.2825987,-5.881768
605913310,-9.399343,-1.1629534,-5.709479
605913315,-9.495059,-0.95237744,-5.3505425
605913319,-9.408915,-0.93323416,-5.029893
605913324,-9.408915,-0.9667349,-4.6518135
605913330,-9.451987,-0.9284483,-4.2115183
605913334,-9.451987,-0.92366254,-3.646792
605913339,-9.566847,-0.80880296,-3.2830698
605913344,-9.657777,-0.78008807,-2.8571322
605913349,-9.705635,-0.71787244,-2.5412683
605913353,-9.901854,-0.5551547,-2.263691
605913358,-10.11243,-0.43550926,-2.1966896
605913363,-10.241647,-0.2919348,-2.2924058
605913368,-10.418722,-0.18664683,-2.3498356
605913372,-10.533582,-0.22971918,-2.5460541
605913377,-10.610154,-0.234505,-2.6704855
605913382,-10.7298,-0.27757734,-2.7949166
605913387,-10.720228,-0.37807947,-2.9863493
605913391,-10.67237,-0.5312256,-3.2399976
605913396,-10.643655,-0.6173703,-3.5223608
605913401,-10.634084,-0.7657306,-3.8382246
605913405,-10.495295,-0.8805902,-4.1301594
605913409,-10.380435,-1.0959519,-4.3790216
605913414,-10.303863,-1.2682413,-4.479524
605913418,-10.1842165,-1.5841051,-4.6422415
605913423,-10.045428,-1.8903974,-4.527382
605913428,-9.911426,-2.134474,-4.560883
605913432,-9.638634,-2.3785505,-4.527382
605913437,-9.370628,-2.5651975,-4.5943837
605913442,-9.160052,-2.761416,-4.5991693
605913446,-8.963834,-2.9911351,-4.402951
605913451,-8.810688,-3.1969252,-4.16366
605913455,-8.681471,-3.2495692,-3.905226
605913460,-8.667113,-3.3213565,-3.771223
605913465,-8.734115,-3.3165705,-3.5319324
605913469,-8.949476,-3.254355,-3.254355
605913474,-9.183981,-3.0820656,-2.9193478
605913480,-9.432844,-3.0150642,-2.6513422
605913484,-9.710421,-2.866704,-2.5843408
605913489,-9.901854,-2.627413,-2.5221252
605913494,-10.040643,-2.526911,-2.4981961
605913499,-10.136358,-2.526911,-2.421623
605913503,-10.169859,-2.5077677,-2.392908
605913508,-10.1842165,-2.6178415,-2.3785505
605913513,-10.021499,-2.7039862,-2.474267
605913517,-9.753493,-2.7949166,-2.5364826
605913521,-9.533346,-2.9289196,-2.5843408
605913526,-9.361056,-2.9576344,-2.656128
605913530,-9.274912,-2.938491,-2.9002047
605913535,-9.073908,-2.943277,-3.0437791
605913540,-9.0069065,-2.761416,-3.1442811
605913544,-9.011692,-2.6896286,-3.206497
605913549,-8.925548,-2.5173392,-3.2926416
605913554,-9.030835,-2.3976939,-3.278284
605913558,-9.045193,-2.3641932,-3.2830698
605913563,-9.035621,-2.215833,-3.2208543
605913567,-9.217482,-2.2924058,-3.0772798
605913572,-9.145695,-2.3067634,-2.885847
605913577,-9.045193,-2.3976939,-2.7135577
605913581,-9.040407,-2.3785505,-2.5412683
605913586,-8.978191,-2.3976939,-2.4072654
605913591,-9.016478,-2.4264088,-2.3450499
605913595,-8.963834,-2.450338,-2.2254045
605913600,-8.791544,-2.5651975,-2.2206187
605913604,-8.79633,-2.5651975,-2.1679747
605913609,-8.772401,-2.6369848,-2.1057591
605913614,-8.834617,-2.7039862,-1.9908996
605913618,-8.877689,-2.7422726,-1.8473251
605913623,-8.959048,-2.7279153,-1.770752
605913629,-9.049978,-2.785345,-1.746823
605913633,-9.126552,-2.7805593,-1.7755378
605913638,-9.227054,-2.6992004,-1.8568966
605913643,-9.303627,-2.6513422,-2.0914016
605913648,-9.356271,-2.5604117,-2.316335
605913652,-9.389771,-2.60827,-2.5125535
605913657,-9.456773,-2.5986981,-2.7279153
605913662,-9.495059,-2.5939124,-2.895419
605913666,-9.518989,-2.7231295,-2.9241338
605913670,-9.542917,-2.7805593,-2.9719918
605913675,-9.557275,-2.7518444,-2.895419
605913679,-9.533346,-2.8284173,-2.8523464
605913684,-9.638634,-2.866704,-2.7805593
605913689,-9.672134,-2.8714898,-2.7422726
605913693,-9.772636,-2.7470584,-2.7757733
605913698,-9.839638,-2.6896286,-2.7709875
605913704,-9.84921,-2.6656997,-2.866704
605913708,-9.873138,-2.5364826,-2.9337053
605913713,-9.7917795,-2.4694812,-2.9863493
605913718,-9.753493,-2.3211207,-3.048565
605913723,-9.629062,-2.187118,-3.0581365
605913727,-9.672134,-2.1296883,-3.1442811
605913732,-9.538132,-2.0148287,-3.1873536
605913737,-9.408915,-1.9191123,-3.2495692
605913742,-9.384986,-1.770752,-3.2399976
605913746,-9.389771,-1.7085364,-3.278284
605913751,-9.26534,-1.6750357,-3.2639267
605913756,-9.227054,-1.7037506,-3.1634245
605913761,-9.284483,-1.6846073,-3.048565
605913765,-9.203125,-1.5601761,-2.9097762
605913770,-9.193553,-1.6463208,-2.9289196
605913775,-9.207911,-1.7037506,-2.9480627
605913779,-9.270126,-1.7563945,-2.833203
605913783,-9.399343,-1.7659662,-2.7805593
605913788,-9.418487,-1.8186102,-2.6656997
605913792,-9.538132,-1.8856115,-2.5508401
605913797,-9.566847,-1.8808258,-2.5460541
605913802,-9.509417,-1.9908996,-2.4646955
605913806,-9.480701,-2.0866158,-2.3976939
605913811,-9.408915,-2.0914016,-2.4120514
605913816,-9.461558,-2.110545,-2.4599094
605913820,-9.370628,-2.1296883,-2.4694812
605913825,-9.370628,-2.134474,-2.5173392
605913829,-9.361056,-2.1679747,-2.5986981
605913834,-9.236626,-2.1919038,-2.6465564
605913839,-9.227054,-2.2924058,-2.5604117
605913843,-9.179195,-2.2828343,-2.6513422
605913848,-9.222268,-2.1966896,-2.7231295
605913854,-9.255769,-2.2541194,-2.7901309
605913858,-9.203125,-2.3115492,-2.7279153
605913863,-9.188767,-2.3115492,-2.6704855
605913868,-9.255769,-2.1966896,-2.785345
605913873,-9.2988405,-2.110545,-2.861918
605913877,-9.212696,-2.0339718,-3.0294216
605913882,-9.346699,-2.0531151,-3.2734983
605913887,-9.294055,-1.9765421,-3.5606472
605913891,-9.303627,-1.9573988,-3.6659353
605913895,-9.274912,-1.9286839,-3.823867
605913900,-9.164838,-1.9238981,-3.9482985
605913904,-9.093051,-1.9334698,-4.0488005
605913909,-9.11698,-2.010043,-4.1349454
605913914,-9.073908,-2.0148287,-4.192375
605913918,-9.05955,-2.0722585,-4.139731
605913923,-8.959048,-2.1201165,-3.9913707
605913928,-9.011692,-2.110545,-3.8669395
605913932,-9.05955,-2.0626867,-3.8573678
605913937,-9.183981,-2.08183,-3.8430104
605913941,-9.289269,-2.0148287,-3.7425082
605913946,-9.32277,-2.0435436,-3.7807949
605913951,-9.222268,-2.1440456,-3.6802926
605913955,-9.236626,-2.2110472,-3.6563635
605913960,-9.145695,-2.3115492,-3.4218585
605913965,-9.107409,-2.392908,-3.3644288
605913969,-9.069121,-2.4024796,-3.3117847
605913974,-8.9973345,-2.4838386,-3.1442811
605913978,-8.949476,-2.5939124,-3.0581365
605913983,-8.872903,-2.6321988,-2.9337053
605913988,-8.844189,-2.7470584,-2.7997024
605913992,-8.848974,-2.7374868,-2.680057
605913997,-8.820259,-2.6992004,-2.526911
605914002,-8.844189,-2.761416,-2.4838386
605914006,-8.906404,-2.6752713,-2.3881223
605914011,-9.0069065,-2.6752713,-2.3881223
605914015,-9.040407,-2.555626,-2.4168372
605914020,-9.049978,-2.502982,-2.4790528
605914025,-9.069121,-2.526911,-2.4551237
605914029,-8.968619,-2.5460541,-2.579555
605914034,-8.992549,-2.5651975,-2.6226273
605914039,-8.973405,-2.6609137,-2.6513422
605914043,-8.920761,-2.6178415,-2.6178415
605914048,-8.91119,-2.6513422,-2.579555
605914052,-8.839402,-2.6704855,-2.5316968
605914057,-8.801116,-2.7566302,-2.5125535
605914062,-8.820259,-2.8236315,-2.4120514
605914066,-8.829831,-2.7566302,-2.3019776
605914071,-8.982977,-2.761416,-2.1201165
605914077,-9.045193,-2.6992004,-2.1201165
605914081,-9.083479,-2.627413,-1.9861137
605914086,-9.05955,-2.5939124,-2.010043
605914091,-9.15048,-2.579555,-2.029186
605914096,-9.164838,-2.555626,-1.9238981
605914100,-9.279697,-2.5077677,-1.9334698
605914105,-9.341913,-2.555626,-1.8138243
605914110,-9.351485,-2.5077677,-1.7755378
605914115,-9.32277,-2.6130557,-1.7324655
605914119,-9.317985,-2.6944146,-1.6271775
605914124,-9.289269,-2.7183435,-1.5649619
605914129,-9.241411,-2.8427749,-1.4740313
605914134,-9.145695,-2.833203,-1.4405307
605914138,-9.107409,-2.8571322,-1.483603
605914143,-9.040407,-2.866704,-1.4740313
605914148,-9.126552,-2.8810613,-1.6080343
605914153,-9.088264,-2.885847,-1.6271775
605914157,-9.102622,-2.837989,-1.5841051
605914162,-9.11698,-2.8427749,-1.4979604
605914167,-9.217482,-2.7805593,-1.4740313
605914172,-9.294055,-2.6752713,-1.3926725
605914176,-9.270126,-2.5939124,-1.3304569
605914181,-9.394557,-2.5125535,-1.3256711
605914186,-9.442415,-2.526911,-1.2155973
605914190,-9.394557,-2.5077677,-1.1055236
605914194,-9.547704,-2.4359803,-1.1103094
605914199,-9.672134,-2.3881223,-1.0911661
605914203,-9.7917795,-2.3354783,-0.7705164
605914208,-9.983212,-2.3785505,-0.54558307
605914213,-10.088501,-2.2780485,-0.2919348
605914217,-10.232075,-2.2206187,-0.047858164
605914222,-10.31822,-2.1536174,0.033500712
605914227,-10.40915,-2.0914016,0.2967206
605914231,-10.46658,-2.0483294,0.54558307
605914236,-10.571868,-2.0435436,0.64129937
605914240,-10.681942,-1.8664683,0.6748001
605914245,-10.734586,-1.8042527,0.6460852
605914250,-10.863803,-1.6702498,0.67001426
605914254,-10.835088,-1.665464,0.7130866
605914259,-10.873374,-1.5553902,0.832732
605914265,-10.945162,-1.6032485,0.93323416
605914269,-10.983448,-1.5314612,0.9858781
605914274,-10.973877,-1.5601761,0.9954498
605914279,-10.997806,-1.5314612,1.0528796
605914284,-10.93559,-1.536247,1.2395264
605914288,-10.954733,-1.6463208,1.4453164
605914293,-11.136594,-1.6798215,1.5745336
605914298,-11.117451,-1.7372513,1.6606783
605914302,-11.122237,-1.8329676,1.7755378
605914306,-11.174881,-1.952613,2.0435436
605914311,-11.112665,-2.1584032,2.4599094
605914315,-11.064807,-2.263691,2.6465564
605914320,-10.868588,-2.3976939,2.785345
605914325,-10.763301,-2.5364826,2.7279153
605914329,-10.7298,-2.5412683,2.6417706
605914334,-10.758514,-2.6896286,2.656128
605914339,-10.763301,-2.6944146,2.9002047
605914343,-10.830302,-2.7374868,3.1107805
605914348,-11.074379,-2.6465564,3.4505734
605914352,-11.356742,-2.5604117,3.6946502
605914357,-11.529031,-2.502982,3.8717253
605914362,-11.686963,-2.392908,4.0679436
605914366,-11.9741125,-2.1057591,4.1493025
605914371,-12.203832,-1.8473251,4.158874
605914377,-12.404836,-1.6271775,4.0679436
605914381,-12.581911,-1.4788172,4.058372
605914386,-12.696771,-1.4883888,4.2593765
605914391,-12.888203,-1.665464,4.5225964
605914396,-13.0509205,-1.7563945,4.78103
605914400,-13.055707,-1.8903974,4.929391
605914405,-13.036563,-1.9573988,4.7283864
605914410,-13.122708,-1.9813279,4.6900997
605914415,-13.208853,-1.9286839,4.556097
605914419,-13.371571,-1.9143264,4.479524
605914424,-13.5438595,-1.8521109,4.3838077
605914429,-13.687434,-1.7898953,4.493881
605914434,-13.984155,-1.8138243,4.656599
605914438,-14.108586,-1.9717562,4.742744
605914443,-14.362234,-1.87604,4.905462
605914448,-14.754671,-1.8186102,5.0825367
605914452,-15.118393,-1.823396,5.312256
605914456,-15.238039,-1.8616825,5.5946193
605914461,-15.185394,-2.0626867,5.747765
605914465,-15.065749,-2.268477,5.790838
605914470,-15.1327505,-2.28762,5.704693
605914475,-15.171038,-2.2589052,5.6903353
605914479,-15.309826,-2.1775463,5.546761
605914484,-15.448615,-2.1057591,5.3696856
605914489,-15.711835,-1.9238981,5.259612
605914493,-15.903267,-1.8042527,5.2691836
605914498,-15.951125,-1.7324655,5.1016803
605914502,-16.056414,-1.6558924,4.943748
605914507,-15.841051,-1.7516087,4.6661706
605914512,-15.462972,-1.9956853,4.5991693
605914516,-15.180609,-2.2828343,4.7953877
605914521,-14.993962,-2.5173392,4.6996713
605914527,-14.960462,-2.732701,4.824103
605914531,-14.965247,-2.7183435,4.6996713
605914536,-15.209324,-2.4551237,4.508239
605914541,-15.582618,-2.0914016,4.268948
605914546,-16.266989,-1.4166015,3.95787
605914550,-16.7695,-0.7609448,3.594148
605914555,-17.434729,-0.08135887,3.2687125
605914560,-17.989883,0.67001426,2.9241338
605914564,-18.53068,1.4692456,2.3259068
605914568,-19.081049,1.9286839,1.7659662
605914573,-19.368198,2.4934103,1.067237
605914577,-19.72235,2.785345,0.5551547
605914582,-19.808493,2.8475606,0.30629224
605914587,-19.636204,2.4599094,0.57908374
605914591,-19.32034,2.0722585,0.87580436
605914596,-19.104979,1.7324655,1.277813
605914601,-19.19591,1.4740313,1.8425392
605914605,-19.37777,1.196454,2.7949166
605914610,-19.167194,1.5601761,2.9911351
605914614,-18.104742,0.84708947,3.22564
605914619,-17.94681,0.55036885,3.823867
605914624,-17.889381,0.6939433,4.2115183
605914628,-17.750591,0.80880296,4.560883
605914633,-17.937239,1.1007377,4.714029
605914639,-18.272245,1.5171037,4.919819
605914643,-18.454107,2.1057591,4.8576035
605914648,-18.846544,2.6896286,4.8576035
605914653,-19.286839,3.2830698,4.536954
605914658,-19.540487,3.7137933,4.264162
605914662,-19.975996,4.0535865,4.020086
605914667,-20.28229,4.3885937,3.6085055
605914672,-20.717798,4.5225964,3.153853
605914676,-20.775229,4.4460235,2.6178415
605914680,-20.473722,4.331164,1.8856115
605914685,-20.153072,4.1540885,1.5410328
605914689,-19.736706,3.9674416,1.3687434
605914694,-19.157621,3.8477962,1.3160994
605914699,-18.798685,3.699436,1.3256711
605914703,-18.296175,3.6850784,1.5410328
605914708,-17.937239,3.8573678,1.8521109
605914713,-18.076027,4.2019467,2.445552
605914717,-18.032955,4.4460235,2.8427749
605914722,-17.760164,4.656599,3.01985
605914726,-17.516087,5.0394645,3.1107805
605914731,-17.449085,5.2931128,3.0964231
605914736,-17.056648,5.5563326,2.7662017
605914740,-16.716856,5.675978,2.5412683
605914745,-16.35792,5.6185484,2.28762
605914750,-16.147345,5.7429795,1.9430413
605914754,-15.884124,5.8961253,1.7516087
605914759,-15.587403,6.0540576,1.6415349
605914763,-15.592189,6.1880603,1.8090385
605914768,-15.7261915,6.384279,1.952613
605914773,-15.65919,6.561354,1.9669704
605914777,-15.142323,6.551782,1.6080343
605914782,-14.831244,6.5757113,1.2538838
605914788,-14.352663,6.50871,0.92366254
605914792,-14.027227,6.427351,0.5551547
605914797,-13.778365,6.3651357,0.31586388
605914802,-13.472073,6.4417086,0.17228939
605914807,-13.328498,6.3938503,0.033500712
605914811,-13.242353,6.6714277,-0.06221561
605914816,-13.108351,6.767144,-0.3828653
605914821,-12.691984,7.0160065,-0.73701566
605914826,-12.409621,7.025578,-1.1150951
605914830,-12.127258,7.1404376,-1.5553902
605914835,-11.280169,7.130866,-2.1249025
605914840,-10.4857235,7.135652,-2.5699832
605914845,-9.949712,7.341442,-2.8427749
605914849,-9.605133,7.6573057,-2.8427749
605914854,-9.351485,7.805666,-2.6609137
605914859,-9.341913,8.021028,-2.3881223
605914863,-9.365842,8.226818,-2.1009734
605914867,-9.523774,8.346463,-1.6032485
605914872,-9.317985,8.427822,-1.5984626
605914876,-9.112194,8.518753,-1.8329676
605914881,-8.700614,8.365606,-2.1584032
605914886,-8.293819,8.23639,-2.627413
605914890,-7.9205256,8.116744,-3.0581365
605914895,-7.542446,7.968384,-3.2591407
605914901,-7.599876,8.044957,-3.3644288
605914905,-7.9300976,8.097601,-3.3548572
605914910,-8.126316,8.255533,-3.48886
605914915,-7.891811,8.241176,-3.8669395
605914920,-7.7769513,8.403893,-4.2593765
605914924,-7.475445,8.260319,-4.637456
605914929,-7.1212945,8.403893,-4.9150333
605914934,-7.011221,8.557039,-4.9102473
605914938,-6.7719297,8.566611,-4.886318
605914942,-6.6714277,8.480466,-4.6278844
605914947,-6.7145,8.207675,-4.407737
605914951,-6.6522846,7.8248096,-4.139731
605914956,-6.618784,7.3079414,-3.7807949
605914961,-6.7145,6.9729342,-3.3452854
605914965,-6.374707,6.5230675,-3.172996
605914970,-5.934412,6.0492716,-3.0964231
605914975,-5.733408,5.5324035,-3.0964231
605914979,-5.4510446,4.9868207,-3.0581365
605914984,-5.068179,4.2833056,-2.7901309
605914988,-4.6996713,3.2830698,-2.6130557
605914993,-4.0153,2.4024796,-2.603484
605914998,-3.565433,1.4596739,-2.5412683
605915002,-2.7949166,0.3254355,-2.450338
605915007,-2.2780485,-0.9140909,-2.134474
605915013,-2.187118,-1.7133222,-2.134474
605915017,-1.7085364,-3.048565,-1.9430413
605915022,-1.3735292,-4.3598785,-2.2924058
605915027,-0.93802,-5.9200544,-2.6656997
605915032,-0.30150643,-7.499374,-3.1442811
605915036,0.31107804,-9.246197,-3.3213565
605915041,0.83751786,-10.839873,-3.412287
605915046,1.2395264,-12.682413,-3.484074
605915050,1.6463208,-14.869531,-3.412287
605915054,2.3737648,-16.903503,-3.2447834
605915059,3.1203523,-19.104979,-2.9576344
605915063,4.1780176,-21.033663,-3.0964231
605915068,4.9772487,-22.952774,-3.1682103
605915073,5.7621226,-24.62781,-3.3165705
605915077,6.618784,-25.723763,-3.8334389
605915082,7.24094,-26.589994,-4.4986672
605915087,7.5663753,-27.336582,-5.178253
605915091,7.528089,-27.480156,-6.432137
605915096,7.5663753,-27.102077,-8.021028
605915100,7.3893003,-26.70964,-9.231839
605915105,6.9585767,-26.312418,-10.078929
605915110,6.345992,-25.929552,-10.6963
605915114,5.494117,-25.417469,-11.007378
605915119,4.656599,-24.914959,-11.155738
605915125,3.7281508,-24.556023,-11.0791645
605915129,2.5316968,-23.924295,-10.930804
605915134,1.4883888,-23.168137,-11.160523
605915139,0.57908374,-22.254045,-11.390243
605915144,-0.31107804,-21.354311,-11.524245
605915148,-0.92366254,-20.57901,-11.677391
605915153,-1.4931747,-19.808493,-11.696535
605915158,-2.1153307,-19.430414,-11.61039
605915163,-2.861918,-19.219837,-11.323241
605915167,-3.7425082,-19.301197,-10.811159
605915172,-4.824103,-19.382555,-10.126787
605915177,-5.8386955,-19.61706,-9.490273
605915182,-6.7288575,-19.832422,-8.949476
605915186,-7.5950904,-20.23443,-8.633613
605915191,-8.159817,-20.885302,-8.480466
605915196,-8.628826,-21.560102,-8.547467
605915200,-9.083479,-22.081757,-9.073908
605915204,-9.58599,-22.732626,-9.925783
605915209,-10.1842165,-23.436142,-10.801587
605915213,-11.016949,-24.020012,-11.835323
605915218,-12.084186,-24.326303,-12.428764
605915223,-13.816651,-25.010675,-13.218424
605915227,-15.663977,-25.197323,-13.730507
605915232,-17.721878,-25.642403,-14.4483795
605915237,-20.263145,-25.967838,-14.98439
605915241,-22.823557,-26.647425,-15.5347595
605915246,-25.336111,-27.379654,-16.056414
605915250,-28.509108,-28.877615,-16.803001
605915255,-31.452383,-30.078856,-18.344034
605915260,-34.620594,-30.514364,-20.248789
605915264,-38.047237,-32.13197,-22.976704
605915269,-42.86177,-33.180065,-25.958267
605915275,-47.762447,-34.194656,-28.997261
605915279,-53.940933,-34.32866,-32.380833
605915284,-58.71718,-33.955364,-35.931908
605915289,-63.37378,-33.945793,-39.693558
605915294,-67.34601,-34.821598,-42.94313
605915298,-70.20314,-36.448776,-45.738045
605915303,-73.23256,-39.540413,-48.130955
605915308,-75.740326,-42.502834,-50.01178
605915312,-78.47303,-45.637543,-52.624836
605915316,-81.430664,-49.99742,-54.898098
605915321,-85.388535,-54.83588,-56.72628
605915325,-89.47083,-60.540573,-57.874874
605915330,-94.93145,-66.68556,-58.683678
605915335,-101.181725,-73.09377,-59.798775
605915339,-107.83401,-79.516335,-61.47381
605915344,-116.10869,-85.75225,-63.799717
605915349,-125.881325,-91.65317,-66.541985
605915353,-137.96552,-96.30019,-68.733894
605915358,-150.14062,-99.11425,-69.95906
605915362,-156.7977,-100.57393,-71.17944
605915367,-156.7977,-100.89458,-72.37111
605915372,-156.7977,-101.55023,-73.27084
605915376,-156.7977,-102.4404,-74.26151
605915381,-156.7977,-103.64642,-74.84059
605915386,-156.7977,-101.36837,-74.90281
605915390,-156.29997,-98.59738,-73.811646
605915395,-155.00302,-92.92619,-73.74943
605915399,-152.38039,-87.45122,-72.11268
605915404,-149.10689,-81.51681,-69.68148
605915409,-147.06334,-75.67811,-66.541985
605915413,-142.81354,-70.23185,-65.61354
605915418,-140.64557,-63.000484,-67.369934
605915424,-136.67334,-57.142647,-68.98276
605915428,-128.20244,-54.788025,-69.52355
605915433,-113.87371,-57.64037,-69.705414
605915438,-100.44949,-63.134487,-69.494835
605915443,-81.70824,-63.522137,-68.16438
605915447,-71.03108,-53.964863,-64.98181
605915452,-55.836117,-64.795166,-62.497974
605915457,-63.85236,-76.54913,-67.57572
605915461,-50.49993,-73.2182,-63.345062
605915465,-47.968235,-66.202194,-69.155045
605915470,-56.49656,-79.372765,-63.38335
605915474,-45.809834,-63.838,-67.42736
605915479,-54.252014,-68.556816,-67.29815
605915484,-55.252247,-61.067013,-66.80042
605915488,-56.396057,-56.57792,-64.04379
605915493,-60.272568,-53.462353,-62.378326
605915499,-61.148373,-48.69568,-59.502052
605915503,-64.88609,-44.46023,-56.419987
605915508,-66.704704,-40.909157,-51.7251
605915513,-67.87723,-36.396133,-47.910805
605915518,-66.89614,-32.17983,-45.292965
605915522,-67.46086,-27.006361,-43.531784
605915527,-66.5707,-25.86255,-43.546143
605915532,-64.73295,-25.45097,-42.856983
605915537,-63.019627,-26.489492,-41.359024
605915541,-60.88994,-28.26503,-39.31548
605915546,-58.138096,-30.34686,-36.247772
605915551,-54.89331,-31.155663,-32.926414
605915556,-52.12711,-31.538528,-29.58113
605915560,-49.504482,-31.476313,-26.073126
605915565,-46.87707,-29.71992,-23.388283
605915570,-45.32168,-28.26503,-20.559866
605915574,-42.971844,-26.202343,-17.927668
605915578,-40.51672,-25.001104,-15.295468
605915583,-38.3296,-23.799864,-12.51491
605915587,-36.1377,-23.249495,-9.083479
605915592,-34.606236,-22.359333,-5.3074703
605915597,-33.175278,-21.062378,-2.0914016
605915601,-31.414097,-19.870708,0.5312256
605915606,-29.810848,-18.947046,3.0007067
605915611,-28.489964,-18.123886,5.384043
605915615,-27.45144,-16.44885,7.4084435
605915620,-26.369846,-14.845602,8.624041
605915624,-25.273895,-13.400286,9.901854
605915629,-24.235373,-12.294762,11.050449
605915634,-22.98149,-11.663034,11.696535
605915638,-21.837679,-11.031306,11.892754
605915643,-20.87573,-10.500081,11.9741125
605915648,-19.578773,-9.978427,11.6726055
605915652,-18.34882,-9.294055,11.265811
605915657,-17.291153,-8.686256,11.031306
605915661,-16.03727,-7.992313,10.667584
605915666,-14.864745,-7.5137315,10.064571
605915671,-13.682649,-6.7862873,9.183981
605915675,-12.438336,-6.221561,8.159817
605915680,-11.409386,-5.5563326,7.3270845
605915686,-10.509652,-5.0394645,6.637927
605915690,-9.571632,-4.4890957,6.0875583
605915695,-8.743686,-3.9100118,5.57069
605915700,-8.150245,-3.6372204,5.111252
605915705,-7.839167,-3.2447834,4.9533195
605915709,-7.341442,-2.7135577,4.919819
605915714,-6.8389316,-2.5125535,5.1926107
605915719,-6.412994,-2.4838386,5.704693
605915723,-5.939198,-2.3737648,6.0875583
605915727,-5.5754757,-2.3498356,6.5996404
605915732,-5.173467,-2.4407663,7.3462276
605915736,-4.8336744,-2.5986981,8.308177
605915741,-4.225876,-2.5891266,8.877689
605915746,-3.7951522,-2.4934103,9.327556
605915750,-3.4075012,-2.268477,9.853995
605915755,-2.9337053,-1.9813279,10.189003
605915760,-2.5508401,-1.6558924,10.179431
605915764,-2.1201165,-1.2060257,10.141145
605915769,-1.7611804,-0.8518753,9.935354
605915773,-1.40703,-0.69872916,9.662563
605915778,-1.1294526,-0.4737958,9.188767
605915783,-0.83751786,-0.27279153,8.758043
605915787,-0.6221561,0.03828653,8.269891
605915792,-0.27279153,0.33979294,7.791309
605915798,0.004785816,0.6556568,7.3893003
605915802,0.234505,0.9188767,6.867646
605915807,0.45943835,1.1533817,6.4991384
605915812,0.703515,1.2012398,6.3412066
605915817,0.9571632,1.2155973,6.5182815
605915821,1.1390243,1.1390243,6.8389316
605915826,1.3878866,1.0815945,7.274441
605915831,1.5841051,1.0385221,7.6668777
605915835,1.7228938,1.0720228,8.049743
605915839,1.9478272,1.0624512,8.533111
605915844,2.1536174,0.9284483,8.777187
605915848,2.474267,0.8614469,9.00212
605915853,2.7470584,0.8040171,9.078693
605915858,2.861918,0.83751786,9.05955
605915862,2.9815636,0.78487384,9.255769
605915867,3.0102785,0.7992313,9.308413
605915873,3.2352118,0.8566611,9.270126
605915877,3.3692145,0.832732,9.399343
605915882,3.3213565,0.8997334,9.428058
605915887,3.441002,0.8805902,9.595561
605915892,3.5080032,1.0193789,9.667349
605915896,3.6755068,1.0193789,9.571632
605915901,3.6755068,1.1390243,9.509417
605915906,3.6515777,1.3352427,9.451987
605915910,3.6228628,1.3783151,9.461558
605915914,3.7185793,1.4501023,9.428058
605915919,3.8430104,1.536247,9.399343
605915923,3.8334389,1.5458187,9.341913
605915928,3.8956544,1.5266753,9.236626
605915933,3.929155,1.5745336,9.188767
605915937,3.9913707,1.7133222,9.112194
605915942,4.0727296,1.8281817,8.973405
605915948,4.1732316,1.8664683,8.88726
605915952,4.2785196,1.9478272,8.686256
605915957,4.3168063,2.057901,8.557039
605915962,4.3646646,2.08183,8.451752
605915967,4.3790216,2.1488314,8.346463
605915971,4.182803,2.2301903,8.437394
605915976,4.0727296,2.3019776,8.432608
605915981,4.0440145,2.340264,8.509181
605915985,3.7425082,2.2732627,8.633613
605915989,3.618077,2.4551237,8.681471
605915994,3.3644288,2.2301903,8.882475
605915998,3.22564,2.029186,8.963834
605916003,3.0868514,2.000471,8.896832
605916008,2.8092742,2.000471,8.719757
605916012,2.8044882,1.8377534,8.585754
605916017,2.4168372,1.746823,8.49961
605916022,1.8808258,1.6415349,8.35125
605916026,1.7898953,1.718108,8.068886
605916031,1.7085364,1.6367491,7.7817373
605916035,1.1055236,1.1677392,7.5568037
605916040,1.8377534,1.6319634,6.5039244
605916045,0.2680057,1.2921704,6.1545596
605916049,0.21057591,1.1246668,6.3986363
605916054,0.071787246,0.48336744,6.116273
605916060,-0.2632199,0.8614469,6.015771
605916064,-0.9140909,1.4883888,5.541975
605916069,1.0480938,3.7903664,7.6764493
605916074,-0.55036885,2.110545,6.034914
605916079,-0.4785816,0.7130866,6.800645
605916083,-0.25364825,0.14357449,6.197632
605916088,-1.2730271,-0.72744405,5.747765
605916093,-0.7657306,-0.5886554,5.460616
605916097,-1.0528796,-1.1055236,5.5324035
605916101,-2.3976939,-2.4981961,6.7910733
605916106,-2.837989,-2.057901,7.441944
605916110,-3.072494,-1.5314612,7.5950904
605916115,-3.4792883,-1.9717562,7.5089455
605916120,-3.4218585,-1.8712541,6.9633627
605916124,-3.2830698,-1.5984626,6.45128
605916129,-3.7425082,-1.8138243,6.661856
605916134,-3.5032175,-2.526911,6.8293595
605916138,-3.3404996,-2.6704855,6.6474986
605916143,-3.5606472,-2.708772,5.1638956
605916147,-4.0057282,-3.0437791,4.1971607
605916152,-4.78103,-3.2639267,4.1780176
605916157,-5.2978983,-3.1203523,3.7329366
605916161,-5.6903353,-3.1299238,2.8092742
605916166,-6.0732007,-3.464931,2.1440456
605916172,-6.121059,-3.330928,1.9238981
605916176,-5.9822702,-3.594148,1.2586696
605916181,-5.2452545,-4.8001738,1.0959519
605916186,-5.5132604,-4.3550925,1.1773108
605916191,-6.020557,-3.7185793,0.7992313
605916195,-6.3794928,-3.9626558,0.40679437
605916200,-7.293584,-4.010514,0.4785816
605916205,-7.757808,-3.8190813,0.46901
605916209,-8.040172,-3.8621538,0.36372203
605916213,-8.222033,-4.2115183,0.09093051
605916218,-8.365606,-4.307235,-0.071787246
605916222,-8.743686,-4.1301594,-0.28236315
605916227,-9.093051,-4.350307,-0.37807947
605916232,-9.758279,-4.6278844,-0.416366
605916236,-10.643655,-4.714029,-0.6269419
605916241,-11.289741,-4.6996713,-0.8901618
605916247,-11.691749,-4.7475295,-1.2395264
605916251,-12.175117,-4.9581056,-1.6941789
605916256,-12.63934,-5.1638956,-2.1536174
605916261,-13.146637,-5.072965,-2.5460541
605916266,-13.740078,-4.819317,-2.9049904
605916270,-14.462736,-4.5704546,-3.2878556
605916275,-15.338541,-4.3120203,-3.8095098
605916280,-16.582853,-3.9530842,-4.249805
605916284,-17.898952,-3.4170728,-4.680528
605916288,-19.066692,-3.1155663,-5.2500405
605916293,-20.593367,-2.5460541,-5.7669086
605916297,-22.373692,-1.6176059,-6.1497736
605916302,-24.51295,-0.5360114,-6.350778
605916307,-26.398561,0.4498667,-6.484781
605916311,-28.556965,1.5075321,-6.6809993
605916316,-30.562222,2.4838386,-7.0351496
605916322,-31.763462,3.3979294,-7.934883
605916326,-32.299473,4.0918727,-9.523774
605916331,-32.433475,4.4173083,-11.375885
605916336,-32.519623,4.345521,-13.419429
605916341,-32.581837,4.2067323,-15.735764
605916345,-32.538765,4.321592,-18.305746
605916350,-32.14154,4.6518135,-21.043234
605916355,-31.863964,4.972463,-23.551
605916359,-31.777819,5.4510446,-25.5084
605916363,-31.911823,6.2119894,-26.666567
605916368,-31.873535,7.1212945,-27.322224
605916372,-31.198736,8.2028885,-27.011147
605916377,-30.389933,8.719757,-25.819479
605916382,-30.916372,9.083479,-23.88601
605916386,-30.739298,9.17441,-22.139185
605916391,-30.973803,9.2988405,-20.54551
605916396,-30.600508,9.648206,-19.712776
605916400,-29.542843,9.978427,-19.071478
605916405,-29.140835,9.475916,-18.865688
605916409,-28.973331,9.47113,-18.880045
605916414,-28.102312,9.758279,-19.286839
605916419,-26.834072,10.82073,-19.67449
605916423,-25.88648,11.294526,-19.918568
605916428,-24.95803,11.165309,-18.836973
605916434,-23.962582,11.505102,-18.363176
605916438,-24.211445,9.652991,-18.023384
605916443,-23.775934,9.753493,-17.334227
605916448,-23.077206,9.844424,-16.67857
605916453,-22.952774,9.681706,-15.998983
605916457,-22.847486,9.327556,-15.386399
605916462,-22.823557,9.289269,-15.721406
605916467,-22.206186,9.82528,-16.377064
605916471,-21.68932,10.437865,-16.520638
605916475,-21.531387,11.117451,-16.534994
605916480,-21.406956,12.323477,-16.243061
605916484,-21.387812,12.060257,-17.047077
605916489,-21.244238,12.825988,-17.15715
605916494,-21.727606,12.787701,-17.678804
605916498,-24.005653,10.198574,-17.233725
605916503,-23.35957,14.290447,-15.975055
605916508,-21.545744,15.266753,-14.57281
605916512,-20.569437,14.510594,-14.362234
605916517,-18.55461,13.519931,-13.668291
605916521,-16.649855,12.706342,-12.610625
605916526,-16.716856,13.835794,-12.409621
605916531,-16.616354,13.266282,-11.064807
605916535,-15.94634,12.433551,-9.609919
605916540,-15.285897,11.500317,-8.451752
